/*
Navicat MySQL Data Transfer

Source Server         : fuxi-localhost
Source Server Version : 50726
Source Host           : localhost:3306
Source Database       : ct180808

Target Server Type    : MYSQL
Target Server Version : 50726
File Encoding         : 65001

Date: 2021-07-23 16:32:38
*/

SET FOREIGN_KEY_CHECKS=0;

-- ----------------------------
-- Table structure for ct_call
-- ----------------------------
DROP TABLE IF EXISTS `ct_call`;
CREATE TABLE `ct_call` (
  `id` int(11) NOT NULL AUTO_INCREMENT,
  `telid` int(11) DEFAULT NULL,
  `dateid` int(11) DEFAULT NULL,
  `sumcall` varchar(255) DEFAULT '0',
  `sumduration` varchar(255) DEFAULT '0',
  PRIMARY KEY (`id`)
) ENGINE=InnoDB AUTO_INCREMENT=4598 DEFAULT CHARSET=utf8;

-- ----------------------------
-- Records of ct_call
-- ----------------------------
INSERT INTO `ct_call` VALUES ('2989', '55', '1', '22', '40155');
INSERT INTO `ct_call` VALUES ('2990', '55', '2', '2', '3604');
INSERT INTO `ct_call` VALUES ('2991', '55', '16', '1', '1574');
INSERT INTO `ct_call` VALUES ('2992', '55', '33', '1', '2030');
INSERT INTO `ct_call` VALUES ('2993', '55', '63', '1', '1761');
INSERT INTO `ct_call` VALUES ('2994', '55', '70', '1', '1761');
INSERT INTO `ct_call` VALUES ('2995', '55', '95', '6', '12405');
INSERT INTO `ct_call` VALUES ('2996', '55', '98', '1', '3191');
INSERT INTO `ct_call` VALUES ('2997', '55', '99', '1', '3125');
INSERT INTO `ct_call` VALUES ('2998', '55', '102', '1', '3016');
INSERT INTO `ct_call` VALUES ('2999', '55', '110', '1', '1987');
INSERT INTO `ct_call` VALUES ('3000', '55', '116', '1', '398');
INSERT INTO `ct_call` VALUES ('3001', '55', '123', '1', '688');
INSERT INTO `ct_call` VALUES ('3002', '55', '126', '2', '1877');
INSERT INTO `ct_call` VALUES ('3003', '55', '127', '1', '1364');
INSERT INTO `ct_call` VALUES ('3004', '55', '129', '1', '513');
INSERT INTO `ct_call` VALUES ('3005', '55', '158', '2', '4112');
INSERT INTO `ct_call` VALUES ('3006', '55', '164', '1', '2757');
INSERT INTO `ct_call` VALUES ('3007', '55', '175', '1', '1355');
INSERT INTO `ct_call` VALUES ('3008', '55', '189', '1', '1656');
INSERT INTO `ct_call` VALUES ('3009', '55', '210', '1', '1656');
INSERT INTO `ct_call` VALUES ('3010', '55', '221', '1', '2224');
INSERT INTO `ct_call` VALUES ('3011', '55', '245', '1', '2224');
INSERT INTO `ct_call` VALUES ('3012', '55', '253', '3', '2409');
INSERT INTO `ct_call` VALUES ('3013', '55', '256', '1', '318');
INSERT INTO `ct_call` VALUES ('3014', '55', '261', '1', '1140');
INSERT INTO `ct_call` VALUES ('3015', '55', '274', '1', '951');
INSERT INTO `ct_call` VALUES ('3016', '55', '284', '1', '1571');
INSERT INTO `ct_call` VALUES ('3017', '55', '300', '1', '1571');
INSERT INTO `ct_call` VALUES ('3018', '55', '316', '1', '2134');
INSERT INTO `ct_call` VALUES ('3019', '55', '346', '1', '2134');
INSERT INTO `ct_call` VALUES ('3020', '55', '347', '2', '6402');
INSERT INTO `ct_call` VALUES ('3021', '55', '358', '1', '2901');
INSERT INTO `ct_call` VALUES ('3022', '55', '362', '1', '3501');
INSERT INTO `ct_call` VALUES ('3023', '43', '1', '20', '26637');
INSERT INTO `ct_call` VALUES ('3024', '43', '2', '2', '962');
INSERT INTO `ct_call` VALUES ('3025', '43', '5', '1', '401');
INSERT INTO `ct_call` VALUES ('3026', '43', '33', '1', '561');
INSERT INTO `ct_call` VALUES ('3027', '43', '34', '1', '1842');
INSERT INTO `ct_call` VALUES ('3028', '43', '49', '1', '1842');
INSERT INTO `ct_call` VALUES ('3029', '43', '63', '1', '565');
INSERT INTO `ct_call` VALUES ('3030', '43', '79', '1', '565');
INSERT INTO `ct_call` VALUES ('3031', '43', '95', '2', '5490');
INSERT INTO `ct_call` VALUES ('3032', '43', '114', '1', '3194');
INSERT INTO `ct_call` VALUES ('3033', '43', '117', '1', '2296');
INSERT INTO `ct_call` VALUES ('3034', '43', '126', '1', '2418');
INSERT INTO `ct_call` VALUES ('3035', '43', '151', '1', '2418');
INSERT INTO `ct_call` VALUES ('3036', '43', '189', '4', '6126');
INSERT INTO `ct_call` VALUES ('3037', '43', '198', '1', '107');
INSERT INTO `ct_call` VALUES ('3038', '43', '200', '2', '3513');
INSERT INTO `ct_call` VALUES ('3039', '43', '202', '1', '2506');
INSERT INTO `ct_call` VALUES ('3040', '43', '221', '1', '536');
INSERT INTO `ct_call` VALUES ('3041', '43', '234', '1', '536');
INSERT INTO `ct_call` VALUES ('3042', '43', '253', '3', '4080');
INSERT INTO `ct_call` VALUES ('3043', '43', '257', '1', '2527');
INSERT INTO `ct_call` VALUES ('3044', '43', '277', '1', '511');
INSERT INTO `ct_call` VALUES ('3045', '43', '279', '1', '1042');
INSERT INTO `ct_call` VALUES ('3046', '43', '284', '3', '2523');
INSERT INTO `ct_call` VALUES ('3047', '43', '302', '1', '980');
INSERT INTO `ct_call` VALUES ('3048', '43', '305', '1', '1367');
INSERT INTO `ct_call` VALUES ('3049', '43', '306', '1', '176');
INSERT INTO `ct_call` VALUES ('3050', '43', '316', '2', '2095');
INSERT INTO `ct_call` VALUES ('3051', '43', '327', '1', '2014');
INSERT INTO `ct_call` VALUES ('3052', '43', '343', '1', '81');
INSERT INTO `ct_call` VALUES ('3053', '44', '1', '22', '37143');
INSERT INTO `ct_call` VALUES ('3054', '44', '2', '2', '2872');
INSERT INTO `ct_call` VALUES ('3055', '44', '4', '1', '2662');
INSERT INTO `ct_call` VALUES ('3056', '44', '13', '1', '210');
INSERT INTO `ct_call` VALUES ('3057', '44', '34', '2', '1574');
INSERT INTO `ct_call` VALUES ('3058', '44', '39', '1', '689');
INSERT INTO `ct_call` VALUES ('3059', '44', '59', '1', '885');
INSERT INTO `ct_call` VALUES ('3060', '44', '63', '1', '3219');
INSERT INTO `ct_call` VALUES ('3061', '44', '88', '1', '3219');
INSERT INTO `ct_call` VALUES ('3062', '44', '95', '1', '646');
INSERT INTO `ct_call` VALUES ('3063', '44', '100', '1', '646');
INSERT INTO `ct_call` VALUES ('3064', '44', '126', '1', '1615');
INSERT INTO `ct_call` VALUES ('3065', '44', '136', '1', '1615');
INSERT INTO `ct_call` VALUES ('3066', '44', '158', '3', '6663');
INSERT INTO `ct_call` VALUES ('3067', '44', '163', '1', '2696');
INSERT INTO `ct_call` VALUES ('3068', '44', '167', '1', '1499');
INSERT INTO `ct_call` VALUES ('3069', '44', '185', '1', '2468');
INSERT INTO `ct_call` VALUES ('3070', '44', '189', '3', '6999');
INSERT INTO `ct_call` VALUES ('3071', '44', '195', '1', '3458');
INSERT INTO `ct_call` VALUES ('3072', '44', '198', '1', '3429');
INSERT INTO `ct_call` VALUES ('3073', '44', '200', '1', '112');
INSERT INTO `ct_call` VALUES ('3074', '44', '253', '2', '2000');
INSERT INTO `ct_call` VALUES ('3075', '44', '255', '1', '1049');
INSERT INTO `ct_call` VALUES ('3076', '44', '274', '1', '951');
INSERT INTO `ct_call` VALUES ('3077', '44', '284', '2', '3928');
INSERT INTO `ct_call` VALUES ('3078', '44', '295', '1', '570');
INSERT INTO `ct_call` VALUES ('3079', '44', '303', '1', '3358');
INSERT INTO `ct_call` VALUES ('3080', '44', '316', '2', '2231');
INSERT INTO `ct_call` VALUES ('3081', '44', '334', '1', '1687');
INSERT INTO `ct_call` VALUES ('3082', '44', '337', '1', '544');
INSERT INTO `ct_call` VALUES ('3083', '44', '347', '3', '5396');
INSERT INTO `ct_call` VALUES ('3084', '44', '350', '1', '2304');
INSERT INTO `ct_call` VALUES ('3085', '44', '370', '1', '1606');
INSERT INTO `ct_call` VALUES ('3086', '44', '371', '1', '1486');
INSERT INTO `ct_call` VALUES ('3087', '11', '1', '16', '19566');
INSERT INTO `ct_call` VALUES ('3088', '11', '2', '1', '922');
INSERT INTO `ct_call` VALUES ('3089', '11', '12', '1', '922');
INSERT INTO `ct_call` VALUES ('3090', '11', '34', '2', '4279');
INSERT INTO `ct_call` VALUES ('3091', '11', '41', '1', '2359');
INSERT INTO `ct_call` VALUES ('3092', '11', '56', '1', '1920');
INSERT INTO `ct_call` VALUES ('3093', '11', '63', '2', '3611');
INSERT INTO `ct_call` VALUES ('3094', '11', '66', '1', '3032');
INSERT INTO `ct_call` VALUES ('3095', '11', '92', '1', '579');
INSERT INTO `ct_call` VALUES ('3096', '11', '95', '1', '2350');
INSERT INTO `ct_call` VALUES ('3097', '11', '118', '1', '2350');
INSERT INTO `ct_call` VALUES ('3098', '11', '126', '3', '4351');
INSERT INTO `ct_call` VALUES ('3099', '11', '134', '1', '1811');
INSERT INTO `ct_call` VALUES ('3100', '11', '139', '1', '775');
INSERT INTO `ct_call` VALUES ('3101', '11', '156', '1', '1765');
INSERT INTO `ct_call` VALUES ('3102', '11', '158', '1', '866');
INSERT INTO `ct_call` VALUES ('3103', '11', '176', '1', '866');
INSERT INTO `ct_call` VALUES ('3104', '11', '253', '1', '511');
INSERT INTO `ct_call` VALUES ('3105', '11', '277', '1', '511');
INSERT INTO `ct_call` VALUES ('3106', '11', '284', '2', '1326');
INSERT INTO `ct_call` VALUES ('3107', '11', '306', '1', '176');
INSERT INTO `ct_call` VALUES ('3108', '11', '308', '1', '1150');
INSERT INTO `ct_call` VALUES ('3109', '11', '316', '2', '670');
INSERT INTO `ct_call` VALUES ('3110', '11', '335', '1', '139');
INSERT INTO `ct_call` VALUES ('3111', '11', '344', '1', '531');
INSERT INTO `ct_call` VALUES ('3112', '11', '347', '1', '680');
INSERT INTO `ct_call` VALUES ('3113', '11', '349', '1', '680');
INSERT INTO `ct_call` VALUES ('3114', '47', '1', '12', '19673');
INSERT INTO `ct_call` VALUES ('3115', '47', '2', '1', '244');
INSERT INTO `ct_call` VALUES ('3116', '47', '22', '1', '244');
INSERT INTO `ct_call` VALUES ('3117', '47', '126', '2', '6761');
INSERT INTO `ct_call` VALUES ('3118', '47', '136', '1', '3337');
INSERT INTO `ct_call` VALUES ('3119', '47', '157', '1', '3424');
INSERT INTO `ct_call` VALUES ('3120', '47', '158', '1', '1662');
INSERT INTO `ct_call` VALUES ('3121', '47', '171', '1', '1662');
INSERT INTO `ct_call` VALUES ('3122', '47', '253', '1', '636');
INSERT INTO `ct_call` VALUES ('3123', '47', '281', '1', '636');
INSERT INTO `ct_call` VALUES ('3124', '47', '284', '1', '851');
INSERT INTO `ct_call` VALUES ('3125', '47', '286', '1', '851');
INSERT INTO `ct_call` VALUES ('3126', '47', '316', '3', '2810');
INSERT INTO `ct_call` VALUES ('3127', '47', '318', '1', '1314');
INSERT INTO `ct_call` VALUES ('3128', '47', '320', '1', '1153');
INSERT INTO `ct_call` VALUES ('3129', '47', '337', '1', '343');
INSERT INTO `ct_call` VALUES ('3130', '47', '347', '3', '6709');
INSERT INTO `ct_call` VALUES ('3131', '47', '369', '2', '5787');
INSERT INTO `ct_call` VALUES ('3132', '47', '371', '1', '922');
INSERT INTO `ct_call` VALUES ('3133', '46', '1', '15', '24241');
INSERT INTO `ct_call` VALUES ('3134', '46', '2', '3', '2489');
INSERT INTO `ct_call` VALUES ('3135', '46', '22', '1', '252');
INSERT INTO `ct_call` VALUES ('3136', '46', '28', '1', '619');
INSERT INTO `ct_call` VALUES ('3137', '46', '31', '1', '1618');
INSERT INTO `ct_call` VALUES ('3138', '46', '34', '1', '3598');
INSERT INTO `ct_call` VALUES ('3139', '46', '53', '1', '3598');
INSERT INTO `ct_call` VALUES ('3140', '46', '95', '1', '805');
INSERT INTO `ct_call` VALUES ('3141', '46', '124', '1', '805');
INSERT INTO `ct_call` VALUES ('3142', '46', '126', '2', '4007');
INSERT INTO `ct_call` VALUES ('3143', '46', '134', '1', '1811');
INSERT INTO `ct_call` VALUES ('3144', '46', '141', '1', '2196');
INSERT INTO `ct_call` VALUES ('3145', '46', '189', '2', '4110');
INSERT INTO `ct_call` VALUES ('3146', '46', '209', '1', '3232');
INSERT INTO `ct_call` VALUES ('3147', '46', '214', '1', '878');
INSERT INTO `ct_call` VALUES ('3148', '46', '253', '2', '3165');
INSERT INTO `ct_call` VALUES ('3149', '46', '254', '1', '933');
INSERT INTO `ct_call` VALUES ('3150', '46', '266', '1', '2232');
INSERT INTO `ct_call` VALUES ('3151', '46', '284', '1', '2753');
INSERT INTO `ct_call` VALUES ('3152', '46', '299', '1', '2753');
INSERT INTO `ct_call` VALUES ('3153', '46', '316', '1', '366');
INSERT INTO `ct_call` VALUES ('3154', '46', '325', '1', '366');
INSERT INTO `ct_call` VALUES ('3155', '46', '347', '2', '2948');
INSERT INTO `ct_call` VALUES ('3156', '46', '352', '1', '1812');
INSERT INTO `ct_call` VALUES ('3157', '46', '364', '1', '1136');
INSERT INTO `ct_call` VALUES ('3158', '26', '1', '16', '27542');
INSERT INTO `ct_call` VALUES ('3159', '26', '2', '2', '1420');
INSERT INTO `ct_call` VALUES ('3160', '26', '21', '1', '1176');
INSERT INTO `ct_call` VALUES ('3161', '26', '22', '1', '244');
INSERT INTO `ct_call` VALUES ('3162', '26', '34', '1', '1979');
INSERT INTO `ct_call` VALUES ('3163', '26', '42', '1', '1979');
INSERT INTO `ct_call` VALUES ('3164', '26', '95', '4', '9515');
INSERT INTO `ct_call` VALUES ('3165', '26', '97', '1', '3036');
INSERT INTO `ct_call` VALUES ('3166', '26', '101', '1', '2917');
INSERT INTO `ct_call` VALUES ('3167', '26', '102', '1', '261');
INSERT INTO `ct_call` VALUES ('3168', '26', '110', '1', '3301');
INSERT INTO `ct_call` VALUES ('3169', '26', '158', '1', '2852');
INSERT INTO `ct_call` VALUES ('3170', '26', '165', '1', '2852');
INSERT INTO `ct_call` VALUES ('3171', '26', '189', '1', '905');
INSERT INTO `ct_call` VALUES ('3172', '26', '198', '1', '905');
INSERT INTO `ct_call` VALUES ('3173', '26', '221', '2', '4898');
INSERT INTO `ct_call` VALUES ('3174', '26', '238', '1', '1397');
INSERT INTO `ct_call` VALUES ('3175', '26', '240', '1', '3501');
INSERT INTO `ct_call` VALUES ('3176', '26', '284', '3', '4081');
INSERT INTO `ct_call` VALUES ('3177', '26', '288', '1', '691');
INSERT INTO `ct_call` VALUES ('3178', '26', '295', '1', '2884');
INSERT INTO `ct_call` VALUES ('3179', '26', '304', '1', '506');
INSERT INTO `ct_call` VALUES ('3180', '26', '316', '1', '1212');
INSERT INTO `ct_call` VALUES ('3181', '26', '330', '1', '1212');
INSERT INTO `ct_call` VALUES ('3182', '26', '347', '1', '680');
INSERT INTO `ct_call` VALUES ('3183', '26', '349', '1', '680');
INSERT INTO `ct_call` VALUES ('3184', '6', '1', '19', '40390');
INSERT INTO `ct_call` VALUES ('3185', '6', '2', '1', '677');
INSERT INTO `ct_call` VALUES ('3186', '6', '18', '1', '677');
INSERT INTO `ct_call` VALUES ('3187', '6', '34', '1', '3400');
INSERT INTO `ct_call` VALUES ('3188', '6', '42', '1', '3400');
INSERT INTO `ct_call` VALUES ('3189', '6', '63', '1', '801');
INSERT INTO `ct_call` VALUES ('3190', '6', '81', '1', '801');
INSERT INTO `ct_call` VALUES ('3191', '6', '95', '2', '6853');
INSERT INTO `ct_call` VALUES ('3192', '6', '110', '1', '3301');
INSERT INTO `ct_call` VALUES ('3193', '6', '116', '1', '3552');
INSERT INTO `ct_call` VALUES ('3194', '6', '158', '2', '5411');
INSERT INTO `ct_call` VALUES ('3195', '6', '160', '1', '2810');
INSERT INTO `ct_call` VALUES ('3196', '6', '179', '1', '2601');
INSERT INTO `ct_call` VALUES ('3197', '6', '189', '3', '7098');
INSERT INTO `ct_call` VALUES ('3198', '6', '190', '1', '786');
INSERT INTO `ct_call` VALUES ('3199', '6', '204', '1', '3503');
INSERT INTO `ct_call` VALUES ('3200', '6', '220', '1', '2809');
INSERT INTO `ct_call` VALUES ('3201', '6', '221', '4', '8756');
INSERT INTO `ct_call` VALUES ('3202', '6', '231', '1', '2936');
INSERT INTO `ct_call` VALUES ('3203', '6', '237', '2', '4889');
INSERT INTO `ct_call` VALUES ('3204', '6', '250', '1', '931');
INSERT INTO `ct_call` VALUES ('3205', '6', '253', '2', '4442');
INSERT INTO `ct_call` VALUES ('3206', '6', '263', '1', '3134');
INSERT INTO `ct_call` VALUES ('3207', '6', '276', '1', '1308');
INSERT INTO `ct_call` VALUES ('3208', '6', '316', '1', '361');
INSERT INTO `ct_call` VALUES ('3209', '6', '339', '1', '361');
INSERT INTO `ct_call` VALUES ('3210', '6', '347', '2', '2591');
INSERT INTO `ct_call` VALUES ('3211', '6', '352', '1', '1812');
INSERT INTO `ct_call` VALUES ('3212', '6', '377', '1', '779');
INSERT INTO `ct_call` VALUES ('3213', '20', '1', '20', '36752');
INSERT INTO `ct_call` VALUES ('3214', '20', '34', '3', '5046');
INSERT INTO `ct_call` VALUES ('3215', '20', '45', '2', '4166');
INSERT INTO `ct_call` VALUES ('3216', '20', '56', '1', '880');
INSERT INTO `ct_call` VALUES ('3217', '20', '95', '1', '2662');
INSERT INTO `ct_call` VALUES ('3218', '20', '117', '1', '2662');
INSERT INTO `ct_call` VALUES ('3219', '20', '126', '1', '2174');
INSERT INTO `ct_call` VALUES ('3220', '20', '143', '1', '2174');
INSERT INTO `ct_call` VALUES ('3221', '20', '189', '4', '9183');
INSERT INTO `ct_call` VALUES ('3222', '20', '196', '1', '1091');
INSERT INTO `ct_call` VALUES ('3223', '20', '200', '1', '2194');
INSERT INTO `ct_call` VALUES ('3224', '20', '204', '1', '3503');
INSERT INTO `ct_call` VALUES ('3225', '20', '211', '1', '2395');
INSERT INTO `ct_call` VALUES ('3226', '20', '221', '3', '4060');
INSERT INTO `ct_call` VALUES ('3227', '20', '232', '1', '664');
INSERT INTO `ct_call` VALUES ('3228', '20', '234', '1', '536');
INSERT INTO `ct_call` VALUES ('3229', '20', '246', '1', '2860');
INSERT INTO `ct_call` VALUES ('3230', '20', '253', '1', '1065');
INSERT INTO `ct_call` VALUES ('3231', '20', '277', '1', '1065');
INSERT INTO `ct_call` VALUES ('3232', '20', '284', '1', '3143');
INSERT INTO `ct_call` VALUES ('3233', '20', '314', '1', '3143');
INSERT INTO `ct_call` VALUES ('3234', '20', '316', '2', '664');
INSERT INTO `ct_call` VALUES ('3235', '20', '338', '1', '583');
INSERT INTO `ct_call` VALUES ('3236', '20', '343', '1', '81');
INSERT INTO `ct_call` VALUES ('3237', '20', '347', '4', '8755');
INSERT INTO `ct_call` VALUES ('3238', '20', '353', '1', '3270');
INSERT INTO `ct_call` VALUES ('3239', '20', '356', '1', '3575');
INSERT INTO `ct_call` VALUES ('3240', '20', '363', '1', '1530');
INSERT INTO `ct_call` VALUES ('3241', '20', '366', '1', '380');
INSERT INTO `ct_call` VALUES ('3242', '40', '1', '12', '20294');
INSERT INTO `ct_call` VALUES ('3243', '40', '63', '2', '643');
INSERT INTO `ct_call` VALUES ('3244', '40', '66', '1', '179');
INSERT INTO `ct_call` VALUES ('3245', '40', '79', '1', '464');
INSERT INTO `ct_call` VALUES ('3246', '40', '126', '2', '3139');
INSERT INTO `ct_call` VALUES ('3247', '40', '136', '1', '2007');
INSERT INTO `ct_call` VALUES ('3248', '40', '145', '1', '1132');
INSERT INTO `ct_call` VALUES ('3249', '40', '189', '1', '2510');
INSERT INTO `ct_call` VALUES ('3250', '40', '218', '1', '2510');
INSERT INTO `ct_call` VALUES ('3251', '40', '253', '2', '5597');
INSERT INTO `ct_call` VALUES ('3252', '40', '257', '1', '2527');
INSERT INTO `ct_call` VALUES ('3253', '40', '271', '1', '3070');
INSERT INTO `ct_call` VALUES ('3254', '40', '284', '3', '5405');
INSERT INTO `ct_call` VALUES ('3255', '40', '309', '1', '801');
INSERT INTO `ct_call` VALUES ('3256', '40', '310', '1', '1623');
INSERT INTO `ct_call` VALUES ('3257', '40', '313', '1', '2981');
INSERT INTO `ct_call` VALUES ('3258', '40', '316', '1', '139');
INSERT INTO `ct_call` VALUES ('3259', '40', '335', '1', '139');
INSERT INTO `ct_call` VALUES ('3260', '40', '347', '1', '2861');
INSERT INTO `ct_call` VALUES ('3261', '40', '360', '1', '2861');
INSERT INTO `ct_call` VALUES ('3262', '58', '1', '10', '20061');
INSERT INTO `ct_call` VALUES ('3263', '58', '2', '3', '4114');
INSERT INTO `ct_call` VALUES ('3264', '58', '3', '2', '3441');
INSERT INTO `ct_call` VALUES ('3265', '58', '21', '1', '673');
INSERT INTO `ct_call` VALUES ('3266', '58', '126', '1', '1364');
INSERT INTO `ct_call` VALUES ('3267', '58', '127', '1', '1364');
INSERT INTO `ct_call` VALUES ('3268', '58', '158', '2', '3977');
INSERT INTO `ct_call` VALUES ('3269', '58', '168', '1', '2101');
INSERT INTO `ct_call` VALUES ('3270', '58', '180', '1', '1876');
INSERT INTO `ct_call` VALUES ('3271', '58', '221', '1', '1687');
INSERT INTO `ct_call` VALUES ('3272', '58', '244', '1', '1687');
INSERT INTO `ct_call` VALUES ('3273', '58', '316', '3', '8919');
INSERT INTO `ct_call` VALUES ('3274', '58', '320', '1', '3370');
INSERT INTO `ct_call` VALUES ('3275', '58', '321', '1', '2182');
INSERT INTO `ct_call` VALUES ('3276', '58', '336', '1', '3367');
INSERT INTO `ct_call` VALUES ('3277', '14', '1', '18', '30255');
INSERT INTO `ct_call` VALUES ('3278', '14', '2', '2', '5832');
INSERT INTO `ct_call` VALUES ('3279', '14', '19', '1', '3250');
INSERT INTO `ct_call` VALUES ('3280', '14', '32', '1', '2582');
INSERT INTO `ct_call` VALUES ('3281', '14', '34', '1', '1108');
INSERT INTO `ct_call` VALUES ('3282', '14', '36', '1', '1108');
INSERT INTO `ct_call` VALUES ('3283', '14', '63', '1', '2815');
INSERT INTO `ct_call` VALUES ('3284', '14', '92', '1', '2815');
INSERT INTO `ct_call` VALUES ('3285', '14', '95', '1', '398');
INSERT INTO `ct_call` VALUES ('3286', '14', '116', '1', '398');
INSERT INTO `ct_call` VALUES ('3287', '14', '126', '2', '2891');
INSERT INTO `ct_call` VALUES ('3288', '14', '137', '1', '1347');
INSERT INTO `ct_call` VALUES ('3289', '14', '153', '1', '1544');
INSERT INTO `ct_call` VALUES ('3290', '14', '158', '1', '3125');
INSERT INTO `ct_call` VALUES ('3291', '14', '161', '1', '3125');
INSERT INTO `ct_call` VALUES ('3292', '14', '189', '1', '916');
INSERT INTO `ct_call` VALUES ('3293', '14', '201', '1', '916');
INSERT INTO `ct_call` VALUES ('3294', '14', '253', '3', '4927');
INSERT INTO `ct_call` VALUES ('3295', '14', '265', '1', '1693');
INSERT INTO `ct_call` VALUES ('3296', '14', '277', '1', '1065');
INSERT INTO `ct_call` VALUES ('3297', '14', '282', '1', '2169');
INSERT INTO `ct_call` VALUES ('3298', '14', '284', '3', '6629');
INSERT INTO `ct_call` VALUES ('3299', '14', '286', '1', '481');
INSERT INTO `ct_call` VALUES ('3300', '14', '308', '1', '3167');
INSERT INTO `ct_call` VALUES ('3301', '14', '313', '1', '2981');
INSERT INTO `ct_call` VALUES ('3302', '14', '316', '2', '668');
INSERT INTO `ct_call` VALUES ('3303', '14', '337', '1', '343');
INSERT INTO `ct_call` VALUES ('3304', '14', '340', '1', '325');
INSERT INTO `ct_call` VALUES ('3305', '14', '347', '1', '946');
INSERT INTO `ct_call` VALUES ('3306', '14', '348', '1', '946');
INSERT INTO `ct_call` VALUES ('3307', '2', '1', '22', '39733');
INSERT INTO `ct_call` VALUES ('3308', '2', '2', '2', '3880');
INSERT INTO `ct_call` VALUES ('3309', '2', '4', '1', '2662');
INSERT INTO `ct_call` VALUES ('3310', '2', '21', '1', '1218');
INSERT INTO `ct_call` VALUES ('3311', '2', '63', '3', '1076');
INSERT INTO `ct_call` VALUES ('3312', '2', '64', '1', '185');
INSERT INTO `ct_call` VALUES ('3313', '2', '77', '1', '243');
INSERT INTO `ct_call` VALUES ('3314', '2', '78', '1', '648');
INSERT INTO `ct_call` VALUES ('3315', '2', '95', '1', '3125');
INSERT INTO `ct_call` VALUES ('3316', '2', '99', '1', '3125');
INSERT INTO `ct_call` VALUES ('3317', '2', '126', '5', '12223');
INSERT INTO `ct_call` VALUES ('3318', '2', '133', '1', '2172');
INSERT INTO `ct_call` VALUES ('3319', '2', '136', '1', '3419');
INSERT INTO `ct_call` VALUES ('3320', '2', '149', '1', '2911');
INSERT INTO `ct_call` VALUES ('3321', '2', '154', '1', '1039');
INSERT INTO `ct_call` VALUES ('3322', '2', '157', '1', '2682');
INSERT INTO `ct_call` VALUES ('3323', '2', '158', '2', '4767');
INSERT INTO `ct_call` VALUES ('3324', '2', '180', '1', '2265');
INSERT INTO `ct_call` VALUES ('3325', '2', '185', '1', '2502');
INSERT INTO `ct_call` VALUES ('3326', '2', '189', '1', '545');
INSERT INTO `ct_call` VALUES ('3327', '2', '200', '1', '545');
INSERT INTO `ct_call` VALUES ('3328', '2', '221', '1', '459');
INSERT INTO `ct_call` VALUES ('3329', '2', '229', '1', '459');
INSERT INTO `ct_call` VALUES ('3330', '2', '284', '3', '6762');
INSERT INTO `ct_call` VALUES ('3331', '2', '296', '1', '1840');
INSERT INTO `ct_call` VALUES ('3332', '2', '303', '1', '3358');
INSERT INTO `ct_call` VALUES ('3333', '2', '313', '1', '1564');
INSERT INTO `ct_call` VALUES ('3334', '2', '316', '2', '2097');
INSERT INTO `ct_call` VALUES ('3335', '2', '342', '1', '1566');
INSERT INTO `ct_call` VALUES ('3336', '2', '344', '1', '531');
INSERT INTO `ct_call` VALUES ('3337', '2', '347', '2', '4799');
INSERT INTO `ct_call` VALUES ('3338', '2', '358', '1', '2156');
INSERT INTO `ct_call` VALUES ('3339', '2', '375', '1', '2643');
INSERT INTO `ct_call` VALUES ('3340', '54', '1', '20', '34707');
INSERT INTO `ct_call` VALUES ('3341', '54', '2', '1', '561');
INSERT INTO `ct_call` VALUES ('3342', '54', '33', '1', '561');
INSERT INTO `ct_call` VALUES ('3343', '54', '34', '2', '3028');
INSERT INTO `ct_call` VALUES ('3344', '54', '36', '1', '1108');
INSERT INTO `ct_call` VALUES ('3345', '54', '56', '1', '1920');
INSERT INTO `ct_call` VALUES ('3346', '54', '63', '1', '2821');
INSERT INTO `ct_call` VALUES ('3347', '54', '83', '1', '2821');
INSERT INTO `ct_call` VALUES ('3348', '54', '95', '2', '3551');
INSERT INTO `ct_call` VALUES ('3349', '54', '96', '1', '608');
INSERT INTO `ct_call` VALUES ('3350', '54', '124', '1', '2943');
INSERT INTO `ct_call` VALUES ('3351', '54', '126', '4', '6860');
INSERT INTO `ct_call` VALUES ('3352', '54', '129', '1', '2395');
INSERT INTO `ct_call` VALUES ('3353', '54', '132', '1', '245');
INSERT INTO `ct_call` VALUES ('3354', '54', '139', '1', '1091');
INSERT INTO `ct_call` VALUES ('3355', '54', '140', '1', '3129');
INSERT INTO `ct_call` VALUES ('3356', '54', '158', '1', '539');
INSERT INTO `ct_call` VALUES ('3357', '54', '159', '1', '539');
INSERT INTO `ct_call` VALUES ('3358', '54', '221', '2', '4332');
INSERT INTO `ct_call` VALUES ('3359', '54', '234', '1', '2342');
INSERT INTO `ct_call` VALUES ('3360', '54', '241', '1', '1990');
INSERT INTO `ct_call` VALUES ('3361', '54', '253', '3', '5860');
INSERT INTO `ct_call` VALUES ('3362', '54', '254', '1', '933');
INSERT INTO `ct_call` VALUES ('3363', '54', '264', '1', '1718');
INSERT INTO `ct_call` VALUES ('3364', '54', '272', '1', '3209');
INSERT INTO `ct_call` VALUES ('3365', '54', '284', '1', '1950');
INSERT INTO `ct_call` VALUES ('3366', '54', '298', '1', '1950');
INSERT INTO `ct_call` VALUES ('3367', '54', '316', '2', '2087');
INSERT INTO `ct_call` VALUES ('3368', '54', '323', '1', '576');
INSERT INTO `ct_call` VALUES ('3369', '54', '344', '1', '1511');
INSERT INTO `ct_call` VALUES ('3370', '54', '347', '1', '3118');
INSERT INTO `ct_call` VALUES ('3371', '54', '355', '1', '3118');
INSERT INTO `ct_call` VALUES ('3372', '52', '1', '12', '27966');
INSERT INTO `ct_call` VALUES ('3373', '52', '34', '2', '4517');
INSERT INTO `ct_call` VALUES ('3374', '52', '43', '1', '1722');
INSERT INTO `ct_call` VALUES ('3375', '52', '55', '1', '2795');
INSERT INTO `ct_call` VALUES ('3376', '52', '95', '2', '5396');
INSERT INTO `ct_call` VALUES ('3377', '52', '110', '1', '1987');
INSERT INTO `ct_call` VALUES ('3378', '52', '114', '1', '3409');
INSERT INTO `ct_call` VALUES ('3379', '52', '126', '1', '1744');
INSERT INTO `ct_call` VALUES ('3380', '52', '154', '1', '1744');
INSERT INTO `ct_call` VALUES ('3381', '52', '158', '1', '2350');
INSERT INTO `ct_call` VALUES ('3382', '52', '168', '1', '2350');
INSERT INTO `ct_call` VALUES ('3383', '52', '221', '2', '4404');
INSERT INTO `ct_call` VALUES ('3384', '52', '222', '1', '1726');
INSERT INTO `ct_call` VALUES ('3385', '52', '224', '1', '2678');
INSERT INTO `ct_call` VALUES ('3386', '52', '253', '1', '1308');
INSERT INTO `ct_call` VALUES ('3387', '52', '276', '1', '1308');
INSERT INTO `ct_call` VALUES ('3388', '52', '347', '3', '8247');
INSERT INTO `ct_call` VALUES ('3389', '52', '349', '1', '1760');
INSERT INTO `ct_call` VALUES ('3390', '52', '352', '1', '2991');
INSERT INTO `ct_call` VALUES ('3391', '52', '355', '1', '3496');
INSERT INTO `ct_call` VALUES ('3392', '18', '1', '13', '21987');
INSERT INTO `ct_call` VALUES ('3393', '18', '2', '1', '2110');
INSERT INTO `ct_call` VALUES ('3394', '18', '16', '1', '2110');
INSERT INTO `ct_call` VALUES ('3395', '18', '126', '2', '3828');
INSERT INTO `ct_call` VALUES ('3396', '18', '139', '1', '2415');
INSERT INTO `ct_call` VALUES ('3397', '18', '140', '1', '1413');
INSERT INTO `ct_call` VALUES ('3398', '18', '158', '3', '4269');
INSERT INTO `ct_call` VALUES ('3399', '18', '170', '1', '2608');
INSERT INTO `ct_call` VALUES ('3400', '18', '173', '1', '1582');
INSERT INTO `ct_call` VALUES ('3401', '18', '184', '1', '79');
INSERT INTO `ct_call` VALUES ('3402', '18', '221', '1', '931');
INSERT INTO `ct_call` VALUES ('3403', '18', '250', '1', '931');
INSERT INTO `ct_call` VALUES ('3404', '18', '253', '1', '2192');
INSERT INTO `ct_call` VALUES ('3405', '18', '281', '1', '2192');
INSERT INTO `ct_call` VALUES ('3406', '18', '284', '1', '66');
INSERT INTO `ct_call` VALUES ('3407', '18', '300', '1', '66');
INSERT INTO `ct_call` VALUES ('3408', '18', '316', '2', '4573');
INSERT INTO `ct_call` VALUES ('3409', '18', '318', '1', '2694');
INSERT INTO `ct_call` VALUES ('3410', '18', '323', '1', '1879');
INSERT INTO `ct_call` VALUES ('3411', '18', '347', '2', '4018');
INSERT INTO `ct_call` VALUES ('3412', '18', '348', '1', '1340');
INSERT INTO `ct_call` VALUES ('3413', '18', '372', '1', '2678');
INSERT INTO `ct_call` VALUES ('3414', '17', '1', '15', '24166');
INSERT INTO `ct_call` VALUES ('3415', '17', '2', '2', '3259');
INSERT INTO `ct_call` VALUES ('3416', '17', '18', '1', '677');
INSERT INTO `ct_call` VALUES ('3417', '17', '25', '1', '2582');
INSERT INTO `ct_call` VALUES ('3418', '17', '34', '2', '3287');
INSERT INTO `ct_call` VALUES ('3419', '17', '48', '1', '2758');
INSERT INTO `ct_call` VALUES ('3420', '17', '56', '1', '529');
INSERT INTO `ct_call` VALUES ('3421', '17', '63', '2', '2890');
INSERT INTO `ct_call` VALUES ('3422', '17', '89', '2', '2890');
INSERT INTO `ct_call` VALUES ('3423', '17', '95', '2', '907');
INSERT INTO `ct_call` VALUES ('3424', '17', '100', '1', '646');
INSERT INTO `ct_call` VALUES ('3425', '17', '102', '1', '261');
INSERT INTO `ct_call` VALUES ('3426', '17', '126', '1', '1765');
INSERT INTO `ct_call` VALUES ('3427', '17', '156', '1', '1765');
INSERT INTO `ct_call` VALUES ('3428', '17', '158', '1', '2608');
INSERT INTO `ct_call` VALUES ('3429', '17', '170', '1', '2608');
INSERT INTO `ct_call` VALUES ('3430', '17', '253', '2', '2674');
INSERT INTO `ct_call` VALUES ('3431', '17', '271', '1', '2038');
INSERT INTO `ct_call` VALUES ('3432', '17', '281', '1', '636');
INSERT INTO `ct_call` VALUES ('3433', '17', '284', '1', '1564');
INSERT INTO `ct_call` VALUES ('3434', '17', '313', '1', '1564');
INSERT INTO `ct_call` VALUES ('3435', '17', '316', '1', '2351');
INSERT INTO `ct_call` VALUES ('3436', '17', '324', '1', '2351');
INSERT INTO `ct_call` VALUES ('3437', '17', '347', '1', '2861');
INSERT INTO `ct_call` VALUES ('3438', '17', '360', '1', '2861');
INSERT INTO `ct_call` VALUES ('3439', '34', '1', '20', '28812');
INSERT INTO `ct_call` VALUES ('3440', '34', '2', '2', '3427');
INSERT INTO `ct_call` VALUES ('3441', '34', '26', '1', '2224');
INSERT INTO `ct_call` VALUES ('3442', '34', '30', '1', '1203');
INSERT INTO `ct_call` VALUES ('3443', '34', '34', '1', '1842');
INSERT INTO `ct_call` VALUES ('3444', '34', '49', '1', '1842');
INSERT INTO `ct_call` VALUES ('3445', '34', '63', '1', '1506');
INSERT INTO `ct_call` VALUES ('3446', '34', '70', '1', '1506');
INSERT INTO `ct_call` VALUES ('3447', '34', '95', '3', '5103');
INSERT INTO `ct_call` VALUES ('3448', '34', '97', '1', '2005');
INSERT INTO `ct_call` VALUES ('3449', '34', '121', '1', '2410');
INSERT INTO `ct_call` VALUES ('3450', '34', '123', '1', '688');
INSERT INTO `ct_call` VALUES ('3451', '34', '126', '2', '1107');
INSERT INTO `ct_call` VALUES ('3452', '34', '147', '1', '69');
INSERT INTO `ct_call` VALUES ('3453', '34', '156', '1', '1038');
INSERT INTO `ct_call` VALUES ('3454', '34', '158', '1', '3523');
INSERT INTO `ct_call` VALUES ('3455', '34', '159', '1', '3523');
INSERT INTO `ct_call` VALUES ('3456', '34', '253', '1', '2080');
INSERT INTO `ct_call` VALUES ('3457', '34', '269', '1', '2080');
INSERT INTO `ct_call` VALUES ('3458', '34', '284', '2', '3318');
INSERT INTO `ct_call` VALUES ('3459', '34', '286', '1', '3252');
INSERT INTO `ct_call` VALUES ('3460', '34', '300', '1', '66');
INSERT INTO `ct_call` VALUES ('3461', '34', '316', '3', '3016');
INSERT INTO `ct_call` VALUES ('3462', '34', '337', '1', '544');
INSERT INTO `ct_call` VALUES ('3463', '34', '340', '1', '338');
INSERT INTO `ct_call` VALUES ('3464', '34', '346', '1', '2134');
INSERT INTO `ct_call` VALUES ('3465', '34', '347', '4', '3890');
INSERT INTO `ct_call` VALUES ('3466', '34', '358', '1', '787');
INSERT INTO `ct_call` VALUES ('3467', '34', '361', '1', '944');
INSERT INTO `ct_call` VALUES ('3468', '34', '373', '1', '2085');
INSERT INTO `ct_call` VALUES ('3469', '34', '376', '1', '74');
INSERT INTO `ct_call` VALUES ('3470', '36', '1', '9', '14551');
INSERT INTO `ct_call` VALUES ('3471', '36', '2', '1', '3250');
INSERT INTO `ct_call` VALUES ('3472', '36', '18', '1', '3250');
INSERT INTO `ct_call` VALUES ('3473', '36', '34', '1', '3231');
INSERT INTO `ct_call` VALUES ('3474', '36', '48', '1', '3231');
INSERT INTO `ct_call` VALUES ('3475', '36', '63', '2', '1860');
INSERT INTO `ct_call` VALUES ('3476', '36', '76', '1', '1089');
INSERT INTO `ct_call` VALUES ('3477', '36', '89', '1', '771');
INSERT INTO `ct_call` VALUES ('3478', '36', '126', '2', '1129');
INSERT INTO `ct_call` VALUES ('3479', '36', '132', '1', '245');
INSERT INTO `ct_call` VALUES ('3480', '36', '148', '1', '884');
INSERT INTO `ct_call` VALUES ('3481', '36', '189', '1', '66');
INSERT INTO `ct_call` VALUES ('3482', '36', '190', '1', '66');
INSERT INTO `ct_call` VALUES ('3483', '36', '221', '1', '1952');
INSERT INTO `ct_call` VALUES ('3484', '36', '243', '1', '1952');
INSERT INTO `ct_call` VALUES ('3485', '36', '347', '1', '3063');
INSERT INTO `ct_call` VALUES ('3486', '36', '378', '1', '3063');
INSERT INTO `ct_call` VALUES ('3487', '41', '1', '30', '47841');
INSERT INTO `ct_call` VALUES ('3488', '41', '2', '4', '4649');
INSERT INTO `ct_call` VALUES ('3489', '41', '4', '1', '2813');
INSERT INTO `ct_call` VALUES ('3490', '41', '14', '1', '679');
INSERT INTO `ct_call` VALUES ('3491', '41', '25', '1', '643');
INSERT INTO `ct_call` VALUES ('3492', '41', '33', '1', '514');
INSERT INTO `ct_call` VALUES ('3493', '41', '34', '2', '3761');
INSERT INTO `ct_call` VALUES ('3494', '41', '43', '1', '1722');
INSERT INTO `ct_call` VALUES ('3495', '41', '45', '1', '2039');
INSERT INTO `ct_call` VALUES ('3496', '41', '63', '1', '1017');
INSERT INTO `ct_call` VALUES ('3497', '41', '74', '1', '1017');
INSERT INTO `ct_call` VALUES ('3498', '41', '95', '3', '4872');
INSERT INTO `ct_call` VALUES ('3499', '41', '110', '1', '1064');
INSERT INTO `ct_call` VALUES ('3500', '41', '114', '1', '1477');
INSERT INTO `ct_call` VALUES ('3501', '41', '115', '1', '2331');
INSERT INTO `ct_call` VALUES ('3502', '41', '126', '2', '4326');
INSERT INTO `ct_call` VALUES ('3503', '41', '127', '1', '2397');
INSERT INTO `ct_call` VALUES ('3504', '41', '138', '1', '1929');
INSERT INTO `ct_call` VALUES ('3505', '41', '189', '5', '5333');
INSERT INTO `ct_call` VALUES ('3506', '41', '191', '1', '1287');
INSERT INTO `ct_call` VALUES ('3507', '41', '200', '2', '2600');
INSERT INTO `ct_call` VALUES ('3508', '41', '206', '1', '721');
INSERT INTO `ct_call` VALUES ('3509', '41', '209', '1', '725');
INSERT INTO `ct_call` VALUES ('3510', '41', '221', '1', '2860');
INSERT INTO `ct_call` VALUES ('3511', '41', '246', '1', '2860');
INSERT INTO `ct_call` VALUES ('3512', '41', '253', '4', '6062');
INSERT INTO `ct_call` VALUES ('3513', '41', '257', '1', '2276');
INSERT INTO `ct_call` VALUES ('3514', '41', '277', '1', '1028');
INSERT INTO `ct_call` VALUES ('3515', '41', '279', '1', '566');
INSERT INTO `ct_call` VALUES ('3516', '41', '281', '1', '2192');
INSERT INTO `ct_call` VALUES ('3517', '41', '284', '2', '3052');
INSERT INTO `ct_call` VALUES ('3518', '41', '303', '1', '2546');
INSERT INTO `ct_call` VALUES ('3519', '41', '304', '1', '506');
INSERT INTO `ct_call` VALUES ('3520', '41', '316', '2', '2385');
INSERT INTO `ct_call` VALUES ('3521', '41', '320', '1', '506');
INSERT INTO `ct_call` VALUES ('3522', '41', '323', '1', '1879');
INSERT INTO `ct_call` VALUES ('3523', '41', '347', '4', '9524');
INSERT INTO `ct_call` VALUES ('3524', '41', '353', '1', '2287');
INSERT INTO `ct_call` VALUES ('3525', '41', '354', '1', '1272');
INSERT INTO `ct_call` VALUES ('3526', '41', '358', '1', '2901');
INSERT INTO `ct_call` VALUES ('3527', '41', '364', '1', '3064');
INSERT INTO `ct_call` VALUES ('3528', '28', '1', '23', '48445');
INSERT INTO `ct_call` VALUES ('3529', '28', '2', '3', '5558');
INSERT INTO `ct_call` VALUES ('3530', '28', '8', '1', '3141');
INSERT INTO `ct_call` VALUES ('3531', '28', '16', '2', '2417');
INSERT INTO `ct_call` VALUES ('3532', '28', '34', '4', '9704');
INSERT INTO `ct_call` VALUES ('3533', '28', '41', '1', '3348');
INSERT INTO `ct_call` VALUES ('3534', '28', '54', '1', '2979');
INSERT INTO `ct_call` VALUES ('3535', '28', '56', '1', '880');
INSERT INTO `ct_call` VALUES ('3536', '28', '57', '1', '2497');
INSERT INTO `ct_call` VALUES ('3537', '28', '63', '3', '5603');
INSERT INTO `ct_call` VALUES ('3538', '28', '76', '1', '1089');
INSERT INTO `ct_call` VALUES ('3539', '28', '82', '1', '2960');
INSERT INTO `ct_call` VALUES ('3540', '28', '91', '1', '1554');
INSERT INTO `ct_call` VALUES ('3541', '28', '95', '1', '2622');
INSERT INTO `ct_call` VALUES ('3542', '28', '97', '1', '2622');
INSERT INTO `ct_call` VALUES ('3543', '28', '126', '2', '3544');
INSERT INTO `ct_call` VALUES ('3544', '28', '136', '1', '1615');
INSERT INTO `ct_call` VALUES ('3545', '28', '138', '1', '1929');
INSERT INTO `ct_call` VALUES ('3546', '28', '189', '1', '709');
INSERT INTO `ct_call` VALUES ('3547', '28', '202', '1', '709');
INSERT INTO `ct_call` VALUES ('3548', '28', '221', '3', '5688');
INSERT INTO `ct_call` VALUES ('3549', '28', '228', '1', '732');
INSERT INTO `ct_call` VALUES ('3550', '28', '233', '1', '2958');
INSERT INTO `ct_call` VALUES ('3551', '28', '243', '1', '1998');
INSERT INTO `ct_call` VALUES ('3552', '28', '253', '2', '6480');
INSERT INTO `ct_call` VALUES ('3553', '28', '263', '1', '3134');
INSERT INTO `ct_call` VALUES ('3554', '28', '276', '1', '3346');
INSERT INTO `ct_call` VALUES ('3555', '28', '284', '1', '3208');
INSERT INTO `ct_call` VALUES ('3556', '28', '302', '1', '3208');
INSERT INTO `ct_call` VALUES ('3557', '28', '316', '1', '1828');
INSERT INTO `ct_call` VALUES ('3558', '28', '333', '1', '1828');
INSERT INTO `ct_call` VALUES ('3559', '28', '347', '2', '3501');
INSERT INTO `ct_call` VALUES ('3560', '28', '350', '1', '2304');
INSERT INTO `ct_call` VALUES ('3561', '28', '355', '1', '1197');
INSERT INTO `ct_call` VALUES ('3562', '29', '1', '15', '29711');
INSERT INTO `ct_call` VALUES ('3563', '29', '34', '1', '2417');
INSERT INTO `ct_call` VALUES ('3564', '29', '35', '1', '2417');
INSERT INTO `ct_call` VALUES ('3565', '29', '126', '2', '1550');
INSERT INTO `ct_call` VALUES ('3566', '29', '156', '2', '1550');
INSERT INTO `ct_call` VALUES ('3567', '29', '158', '1', '222');
INSERT INTO `ct_call` VALUES ('3568', '29', '164', '1', '222');
INSERT INTO `ct_call` VALUES ('3569', '29', '221', '4', '9465');
INSERT INTO `ct_call` VALUES ('3570', '29', '224', '1', '2335');
INSERT INTO `ct_call` VALUES ('3571', '29', '229', '1', '695');
INSERT INTO `ct_call` VALUES ('3572', '29', '237', '1', '3400');
INSERT INTO `ct_call` VALUES ('3573', '29', '245', '1', '3035');
INSERT INTO `ct_call` VALUES ('3574', '29', '253', '1', '2778');
INSERT INTO `ct_call` VALUES ('3575', '29', '269', '1', '2778');
INSERT INTO `ct_call` VALUES ('3576', '29', '316', '1', '2909');
INSERT INTO `ct_call` VALUES ('3577', '29', '325', '1', '2909');
INSERT INTO `ct_call` VALUES ('3578', '29', '347', '5', '10370');
INSERT INTO `ct_call` VALUES ('3579', '29', '348', '1', '1340');
INSERT INTO `ct_call` VALUES ('3580', '29', '355', '1', '1197');
INSERT INTO `ct_call` VALUES ('3581', '29', '362', '1', '3501');
INSERT INTO `ct_call` VALUES ('3582', '29', '368', '1', '1277');
INSERT INTO `ct_call` VALUES ('3583', '29', '374', '1', '3055');
INSERT INTO `ct_call` VALUES ('3584', '7', '1', '24', '49100');
INSERT INTO `ct_call` VALUES ('3585', '7', '2', '2', '2367');
INSERT INTO `ct_call` VALUES ('3586', '7', '16', '1', '1247');
INSERT INTO `ct_call` VALUES ('3587', '7', '18', '1', '1120');
INSERT INTO `ct_call` VALUES ('3588', '7', '63', '2', '2895');
INSERT INTO `ct_call` VALUES ('3589', '7', '65', '1', '2670');
INSERT INTO `ct_call` VALUES ('3590', '7', '85', '1', '225');
INSERT INTO `ct_call` VALUES ('3591', '7', '95', '4', '9484');
INSERT INTO `ct_call` VALUES ('3592', '7', '101', '1', '3109');
INSERT INTO `ct_call` VALUES ('3593', '7', '109', '1', '1303');
INSERT INTO `ct_call` VALUES ('3594', '7', '117', '1', '2662');
INSERT INTO `ct_call` VALUES ('3595', '7', '121', '1', '2410');
INSERT INTO `ct_call` VALUES ('3596', '7', '126', '1', '2196');
INSERT INTO `ct_call` VALUES ('3597', '7', '141', '1', '2196');
INSERT INTO `ct_call` VALUES ('3598', '7', '158', '3', '8230');
INSERT INTO `ct_call` VALUES ('3599', '7', '168', '1', '2350');
INSERT INTO `ct_call` VALUES ('3600', '7', '169', '1', '2449');
INSERT INTO `ct_call` VALUES ('3601', '7', '179', '1', '3431');
INSERT INTO `ct_call` VALUES ('3602', '7', '189', '2', '5481');
INSERT INTO `ct_call` VALUES ('3603', '7', '205', '1', '1902');
INSERT INTO `ct_call` VALUES ('3604', '7', '217', '1', '3579');
INSERT INTO `ct_call` VALUES ('3605', '7', '221', '4', '10414');
INSERT INTO `ct_call` VALUES ('3606', '7', '230', '1', '2365');
INSERT INTO `ct_call` VALUES ('3607', '7', '236', '1', '3347');
INSERT INTO `ct_call` VALUES ('3608', '7', '238', '1', '1194');
INSERT INTO `ct_call` VALUES ('3609', '7', '249', '1', '3508');
INSERT INTO `ct_call` VALUES ('3610', '7', '284', '3', '4750');
INSERT INTO `ct_call` VALUES ('3611', '7', '294', '1', '299');
INSERT INTO `ct_call` VALUES ('3612', '7', '308', '1', '1150');
INSERT INTO `ct_call` VALUES ('3613', '7', '315', '1', '3301');
INSERT INTO `ct_call` VALUES ('3614', '7', '316', '1', '325');
INSERT INTO `ct_call` VALUES ('3615', '7', '340', '1', '325');
INSERT INTO `ct_call` VALUES ('3616', '7', '347', '2', '2958');
INSERT INTO `ct_call` VALUES ('3617', '7', '358', '1', '2156');
INSERT INTO `ct_call` VALUES ('3618', '7', '376', '1', '802');
INSERT INTO `ct_call` VALUES ('3619', '39', '1', '12', '25152');
INSERT INTO `ct_call` VALUES ('3620', '39', '34', '2', '4307');
INSERT INTO `ct_call` VALUES ('3621', '39', '48', '1', '2446');
INSERT INTO `ct_call` VALUES ('3622', '39', '57', '1', '1861');
INSERT INTO `ct_call` VALUES ('3623', '39', '63', '2', '3165');
INSERT INTO `ct_call` VALUES ('3624', '39', '69', '1', '1770');
INSERT INTO `ct_call` VALUES ('3625', '39', '91', '1', '1395');
INSERT INTO `ct_call` VALUES ('3626', '39', '95', '2', '5959');
INSERT INTO `ct_call` VALUES ('3627', '39', '102', '1', '3016');
INSERT INTO `ct_call` VALUES ('3628', '39', '124', '1', '2943');
INSERT INTO `ct_call` VALUES ('3629', '39', '221', '3', '5204');
INSERT INTO `ct_call` VALUES ('3630', '39', '222', '1', '1726');
INSERT INTO `ct_call` VALUES ('3631', '39', '229', '1', '459');
INSERT INTO `ct_call` VALUES ('3632', '39', '237', '1', '3019');
INSERT INTO `ct_call` VALUES ('3633', '39', '253', '1', '318');
INSERT INTO `ct_call` VALUES ('3634', '39', '256', '1', '318');
INSERT INTO `ct_call` VALUES ('3635', '39', '284', '2', '6199');
INSERT INTO `ct_call` VALUES ('3636', '39', '303', '1', '2956');
INSERT INTO `ct_call` VALUES ('3637', '39', '309', '1', '3243');
INSERT INTO `ct_call` VALUES ('3638', '57', '1', '18', '30509');
INSERT INTO `ct_call` VALUES ('3639', '57', '2', '2', '2083');
INSERT INTO `ct_call` VALUES ('3640', '57', '4', '1', '666');
INSERT INTO `ct_call` VALUES ('3641', '57', '12', '1', '1417');
INSERT INTO `ct_call` VALUES ('3642', '57', '34', '1', '1526');
INSERT INTO `ct_call` VALUES ('3643', '57', '47', '1', '1526');
INSERT INTO `ct_call` VALUES ('3644', '57', '63', '4', '7363');
INSERT INTO `ct_call` VALUES ('3645', '57', '66', '1', '179');
INSERT INTO `ct_call` VALUES ('3646', '57', '79', '1', '464');
INSERT INTO `ct_call` VALUES ('3647', '57', '84', '1', '3443');
INSERT INTO `ct_call` VALUES ('3648', '57', '87', '1', '3277');
INSERT INTO `ct_call` VALUES ('3649', '57', '95', '2', '4139');
INSERT INTO `ct_call` VALUES ('3650', '57', '111', '1', '3334');
INSERT INTO `ct_call` VALUES ('3651', '57', '124', '1', '805');
INSERT INTO `ct_call` VALUES ('3652', '57', '126', '1', '2191');
INSERT INTO `ct_call` VALUES ('3653', '57', '138', '1', '2191');
INSERT INTO `ct_call` VALUES ('3654', '57', '158', '1', '2757');
INSERT INTO `ct_call` VALUES ('3655', '57', '164', '1', '2757');
INSERT INTO `ct_call` VALUES ('3656', '57', '189', '1', '1813');
INSERT INTO `ct_call` VALUES ('3657', '57', '210', '1', '1813');
INSERT INTO `ct_call` VALUES ('3658', '57', '221', '3', '4241');
INSERT INTO `ct_call` VALUES ('3659', '57', '229', '1', '695');
INSERT INTO `ct_call` VALUES ('3660', '57', '232', '1', '1556');
INSERT INTO `ct_call` VALUES ('3661', '57', '241', '1', '1990');
INSERT INTO `ct_call` VALUES ('3662', '57', '284', '2', '3474');
INSERT INTO `ct_call` VALUES ('3663', '57', '300', '1', '3208');
INSERT INTO `ct_call` VALUES ('3664', '57', '302', '1', '266');
INSERT INTO `ct_call` VALUES ('3665', '57', '347', '1', '922');
INSERT INTO `ct_call` VALUES ('3666', '57', '371', '1', '922');
INSERT INTO `ct_call` VALUES ('3667', '53', '1', '14', '30225');
INSERT INTO `ct_call` VALUES ('3668', '53', '2', '1', '3141');
INSERT INTO `ct_call` VALUES ('3669', '53', '8', '1', '3141');
INSERT INTO `ct_call` VALUES ('3670', '53', '34', '1', '2497');
INSERT INTO `ct_call` VALUES ('3671', '53', '57', '1', '2497');
INSERT INTO `ct_call` VALUES ('3672', '53', '63', '1', '2670');
INSERT INTO `ct_call` VALUES ('3673', '53', '65', '1', '2670');
INSERT INTO `ct_call` VALUES ('3674', '53', '95', '2', '4427');
INSERT INTO `ct_call` VALUES ('3675', '53', '111', '1', '3334');
INSERT INTO `ct_call` VALUES ('3676', '53', '119', '1', '1093');
INSERT INTO `ct_call` VALUES ('3677', '53', '221', '4', '8794');
INSERT INTO `ct_call` VALUES ('3678', '53', '228', '2', '5055');
INSERT INTO `ct_call` VALUES ('3679', '53', '249', '1', '3508');
INSERT INTO `ct_call` VALUES ('3680', '53', '252', '1', '231');
INSERT INTO `ct_call` VALUES ('3681', '53', '284', '1', '691');
INSERT INTO `ct_call` VALUES ('3682', '53', '288', '1', '691');
INSERT INTO `ct_call` VALUES ('3683', '53', '316', '2', '2787');
INSERT INTO `ct_call` VALUES ('3684', '53', '317', '2', '2787');
INSERT INTO `ct_call` VALUES ('3685', '53', '347', '2', '5218');
INSERT INTO `ct_call` VALUES ('3686', '53', '355', '1', '3496');
INSERT INTO `ct_call` VALUES ('3687', '53', '369', '1', '1722');
INSERT INTO `ct_call` VALUES ('3688', '38', '1', '17', '33584');
INSERT INTO `ct_call` VALUES ('3689', '38', '2', '3', '5915');
INSERT INTO `ct_call` VALUES ('3690', '38', '17', '1', '2013');
INSERT INTO `ct_call` VALUES ('3691', '38', '21', '1', '1218');
INSERT INTO `ct_call` VALUES ('3692', '38', '30', '1', '2684');
INSERT INTO `ct_call` VALUES ('3693', '38', '34', '1', '2560');
INSERT INTO `ct_call` VALUES ('3694', '38', '44', '1', '2560');
INSERT INTO `ct_call` VALUES ('3695', '38', '63', '1', '141');
INSERT INTO `ct_call` VALUES ('3696', '38', '92', '1', '141');
INSERT INTO `ct_call` VALUES ('3697', '38', '126', '1', '3337');
INSERT INTO `ct_call` VALUES ('3698', '38', '136', '1', '3337');
INSERT INTO `ct_call` VALUES ('3699', '38', '158', '4', '9699');
INSERT INTO `ct_call` VALUES ('3700', '38', '165', '1', '3114');
INSERT INTO `ct_call` VALUES ('3701', '38', '169', '1', '231');
INSERT INTO `ct_call` VALUES ('3702', '38', '175', '1', '2923');
INSERT INTO `ct_call` VALUES ('3703', '38', '179', '1', '3431');
INSERT INTO `ct_call` VALUES ('3704', '38', '189', '3', '6481');
INSERT INTO `ct_call` VALUES ('3705', '38', '200', '2', '3249');
INSERT INTO `ct_call` VALUES ('3706', '38', '209', '1', '3232');
INSERT INTO `ct_call` VALUES ('3707', '38', '284', '3', '3623');
INSERT INTO `ct_call` VALUES ('3708', '38', '292', '1', '902');
INSERT INTO `ct_call` VALUES ('3709', '38', '296', '1', '1840');
INSERT INTO `ct_call` VALUES ('3710', '38', '314', '1', '881');
INSERT INTO `ct_call` VALUES ('3711', '38', '316', '1', '1828');
INSERT INTO `ct_call` VALUES ('3712', '38', '333', '1', '1828');
INSERT INTO `ct_call` VALUES ('3713', '25', '1', '9', '19163');
INSERT INTO `ct_call` VALUES ('3714', '25', '34', '1', '1185');
INSERT INTO `ct_call` VALUES ('3715', '25', '41', '1', '1185');
INSERT INTO `ct_call` VALUES ('3716', '25', '158', '1', '231');
INSERT INTO `ct_call` VALUES ('3717', '25', '169', '1', '231');
INSERT INTO `ct_call` VALUES ('3718', '25', '189', '1', '2809');
INSERT INTO `ct_call` VALUES ('3719', '25', '220', '1', '2809');
INSERT INTO `ct_call` VALUES ('3720', '25', '221', '2', '5037');
INSERT INTO `ct_call` VALUES ('3721', '25', '242', '1', '1742');
INSERT INTO `ct_call` VALUES ('3722', '25', '246', '1', '3295');
INSERT INTO `ct_call` VALUES ('3723', '25', '253', '1', '566');
INSERT INTO `ct_call` VALUES ('3724', '25', '279', '1', '566');
INSERT INTO `ct_call` VALUES ('3725', '25', '284', '1', '3208');
INSERT INTO `ct_call` VALUES ('3726', '25', '300', '1', '3208');
INSERT INTO `ct_call` VALUES ('3727', '25', '316', '2', '6127');
INSERT INTO `ct_call` VALUES ('3728', '25', '323', '1', '2749');
INSERT INTO `ct_call` VALUES ('3729', '25', '345', '1', '3378');
INSERT INTO `ct_call` VALUES ('3730', '33', '1', '19', '32135');
INSERT INTO `ct_call` VALUES ('3731', '33', '2', '3', '5068');
INSERT INTO `ct_call` VALUES ('3732', '33', '11', '1', '593');
INSERT INTO `ct_call` VALUES ('3733', '33', '12', '1', '3228');
INSERT INTO `ct_call` VALUES ('3734', '33', '16', '1', '1247');
INSERT INTO `ct_call` VALUES ('3735', '33', '63', '2', '3000');
INSERT INTO `ct_call` VALUES ('3736', '33', '64', '1', '185');
INSERT INTO `ct_call` VALUES ('3737', '33', '92', '1', '2815');
INSERT INTO `ct_call` VALUES ('3738', '33', '95', '1', '1372');
INSERT INTO `ct_call` VALUES ('3739', '33', '113', '1', '1372');
INSERT INTO `ct_call` VALUES ('3740', '33', '126', '2', '3001');
INSERT INTO `ct_call` VALUES ('3741', '33', '137', '1', '2230');
INSERT INTO `ct_call` VALUES ('3742', '33', '143', '1', '771');
INSERT INTO `ct_call` VALUES ('3743', '33', '158', '3', '5578');
INSERT INTO `ct_call` VALUES ('3744', '33', '161', '1', '2836');
INSERT INTO `ct_call` VALUES ('3745', '33', '176', '1', '866');
INSERT INTO `ct_call` VALUES ('3746', '33', '180', '1', '1876');
INSERT INTO `ct_call` VALUES ('3747', '33', '189', '2', '5115');
INSERT INTO `ct_call` VALUES ('3748', '33', '198', '1', '3334');
INSERT INTO `ct_call` VALUES ('3749', '33', '210', '1', '1781');
INSERT INTO `ct_call` VALUES ('3750', '33', '221', '1', '3400');
INSERT INTO `ct_call` VALUES ('3751', '33', '237', '1', '3400');
INSERT INTO `ct_call` VALUES ('3752', '33', '253', '1', '353');
INSERT INTO `ct_call` VALUES ('3753', '33', '271', '1', '353');
INSERT INTO `ct_call` VALUES ('3754', '33', '284', '1', '266');
INSERT INTO `ct_call` VALUES ('3755', '33', '302', '1', '266');
INSERT INTO `ct_call` VALUES ('3756', '33', '316', '1', '2694');
INSERT INTO `ct_call` VALUES ('3757', '33', '318', '1', '2694');
INSERT INTO `ct_call` VALUES ('3758', '33', '347', '2', '2288');
INSERT INTO `ct_call` VALUES ('3759', '33', '371', '1', '1486');
INSERT INTO `ct_call` VALUES ('3760', '33', '376', '1', '802');
INSERT INTO `ct_call` VALUES ('3761', '37', '1', '19', '37326');
INSERT INTO `ct_call` VALUES ('3762', '37', '2', '2', '3311');
INSERT INTO `ct_call` VALUES ('3763', '37', '9', '1', '2444');
INSERT INTO `ct_call` VALUES ('3764', '37', '29', '1', '867');
INSERT INTO `ct_call` VALUES ('3765', '37', '34', '4', '11082');
INSERT INTO `ct_call` VALUES ('3766', '37', '42', '1', '3400');
INSERT INTO `ct_call` VALUES ('3767', '37', '49', '2', '5807');
INSERT INTO `ct_call` VALUES ('3768', '37', '62', '1', '1875');
INSERT INTO `ct_call` VALUES ('3769', '37', '95', '1', '3591');
INSERT INTO `ct_call` VALUES ('3770', '37', '99', '1', '3591');
INSERT INTO `ct_call` VALUES ('3771', '37', '126', '2', '4197');
INSERT INTO `ct_call` VALUES ('3772', '37', '143', '1', '771');
INSERT INTO `ct_call` VALUES ('3773', '37', '145', '1', '3426');
INSERT INTO `ct_call` VALUES ('3774', '37', '158', '1', '3028');
INSERT INTO `ct_call` VALUES ('3775', '37', '166', '1', '3028');
INSERT INTO `ct_call` VALUES ('3776', '37', '189', '1', '2506');
INSERT INTO `ct_call` VALUES ('3777', '37', '202', '1', '2506');
INSERT INTO `ct_call` VALUES ('3778', '37', '221', '2', '2322');
INSERT INTO `ct_call` VALUES ('3779', '37', '228', '1', '1128');
INSERT INTO `ct_call` VALUES ('3780', '37', '238', '1', '1194');
INSERT INTO `ct_call` VALUES ('3781', '37', '253', '3', '3978');
INSERT INTO `ct_call` VALUES ('3782', '37', '257', '1', '2276');
INSERT INTO `ct_call` VALUES ('3783', '37', '258', '1', '190');
INSERT INTO `ct_call` VALUES ('3784', '37', '263', '1', '1512');
INSERT INTO `ct_call` VALUES ('3785', '37', '284', '2', '1781');
INSERT INTO `ct_call` VALUES ('3786', '37', '302', '1', '980');
INSERT INTO `ct_call` VALUES ('3787', '37', '309', '1', '801');
INSERT INTO `ct_call` VALUES ('3788', '37', '347', '1', '1530');
INSERT INTO `ct_call` VALUES ('3789', '37', '363', '1', '1530');
INSERT INTO `ct_call` VALUES ('3790', '8', '1', '24', '35600');
INSERT INTO `ct_call` VALUES ('3791', '8', '2', '2', '2593');
INSERT INTO `ct_call` VALUES ('3792', '8', '30', '1', '11');
INSERT INTO `ct_call` VALUES ('3793', '8', '32', '1', '2582');
INSERT INTO `ct_call` VALUES ('3794', '8', '34', '1', '1861');
INSERT INTO `ct_call` VALUES ('3795', '8', '57', '1', '1861');
INSERT INTO `ct_call` VALUES ('3796', '8', '63', '1', '2974');
INSERT INTO `ct_call` VALUES ('3797', '8', '78', '1', '2974');
INSERT INTO `ct_call` VALUES ('3798', '8', '95', '1', '608');
INSERT INTO `ct_call` VALUES ('3799', '8', '96', '1', '608');
INSERT INTO `ct_call` VALUES ('3800', '8', '126', '1', '1923');
INSERT INTO `ct_call` VALUES ('3801', '8', '136', '1', '1923');
INSERT INTO `ct_call` VALUES ('3802', '8', '158', '2', '1804');
INSERT INTO `ct_call` VALUES ('3803', '8', '164', '1', '222');
INSERT INTO `ct_call` VALUES ('3804', '8', '173', '1', '1582');
INSERT INTO `ct_call` VALUES ('3805', '8', '189', '3', '6626');
INSERT INTO `ct_call` VALUES ('3806', '8', '201', '2', '4231');
INSERT INTO `ct_call` VALUES ('3807', '8', '211', '1', '2395');
INSERT INTO `ct_call` VALUES ('3808', '8', '221', '3', '4876');
INSERT INTO `ct_call` VALUES ('3809', '8', '232', '1', '664');
INSERT INTO `ct_call` VALUES ('3810', '8', '234', '1', '2342');
INSERT INTO `ct_call` VALUES ('3811', '8', '237', '1', '1870');
INSERT INTO `ct_call` VALUES ('3812', '8', '253', '3', '5050');
INSERT INTO `ct_call` VALUES ('3813', '8', '263', '1', '1512');
INSERT INTO `ct_call` VALUES ('3814', '8', '264', '1', '2942');
INSERT INTO `ct_call` VALUES ('3815', '8', '275', '1', '596');
INSERT INTO `ct_call` VALUES ('3816', '8', '284', '2', '2194');
INSERT INTO `ct_call` VALUES ('3817', '8', '300', '2', '2194');
INSERT INTO `ct_call` VALUES ('3818', '8', '316', '4', '4273');
INSERT INTO `ct_call` VALUES ('3819', '8', '323', '1', '576');
INSERT INTO `ct_call` VALUES ('3820', '8', '329', '1', '932');
INSERT INTO `ct_call` VALUES ('3821', '8', '335', '1', '2427');
INSERT INTO `ct_call` VALUES ('3822', '8', '340', '1', '338');
INSERT INTO `ct_call` VALUES ('3823', '8', '347', '1', '818');
INSERT INTO `ct_call` VALUES ('3824', '8', '355', '1', '818');
INSERT INTO `ct_call` VALUES ('3825', '42', '1', '24', '36295');
INSERT INTO `ct_call` VALUES ('3826', '42', '2', '3', '5920');
INSERT INTO `ct_call` VALUES ('3827', '42', '6', '1', '2704');
INSERT INTO `ct_call` VALUES ('3828', '42', '17', '1', '2013');
INSERT INTO `ct_call` VALUES ('3829', '42', '30', '1', '1203');
INSERT INTO `ct_call` VALUES ('3830', '42', '34', '2', '3371');
INSERT INTO `ct_call` VALUES ('3831', '42', '42', '1', '1251');
INSERT INTO `ct_call` VALUES ('3832', '42', '45', '1', '2120');
INSERT INTO `ct_call` VALUES ('3833', '42', '63', '3', '2613');
INSERT INTO `ct_call` VALUES ('3834', '42', '69', '1', '1770');
INSERT INTO `ct_call` VALUES ('3835', '42', '79', '1', '565');
INSERT INTO `ct_call` VALUES ('3836', '42', '88', '1', '278');
INSERT INTO `ct_call` VALUES ('3837', '42', '95', '3', '5598');
INSERT INTO `ct_call` VALUES ('3838', '42', '101', '1', '2238');
INSERT INTO `ct_call` VALUES ('3839', '42', '110', '1', '1064');
INSERT INTO `ct_call` VALUES ('3840', '42', '117', '1', '2296');
INSERT INTO `ct_call` VALUES ('3841', '42', '126', '3', '3656');
INSERT INTO `ct_call` VALUES ('3842', '42', '140', '1', '1413');
INSERT INTO `ct_call` VALUES ('3843', '42', '143', '1', '2174');
INSERT INTO `ct_call` VALUES ('3844', '42', '147', '1', '69');
INSERT INTO `ct_call` VALUES ('3845', '42', '158', '4', '6295');
INSERT INTO `ct_call` VALUES ('3846', '42', '159', '1', '539');
INSERT INTO `ct_call` VALUES ('3847', '42', '165', '1', '1171');
INSERT INTO `ct_call` VALUES ('3848', '42', '171', '1', '1662');
INSERT INTO `ct_call` VALUES ('3849', '42', '175', '1', '2923');
INSERT INTO `ct_call` VALUES ('3850', '42', '189', '2', '6207');
INSERT INTO `ct_call` VALUES ('3851', '42', '196', '1', '2628');
INSERT INTO `ct_call` VALUES ('3852', '42', '217', '1', '3579');
INSERT INTO `ct_call` VALUES ('3853', '42', '253', '2', '2097');
INSERT INTO `ct_call` VALUES ('3854', '42', '273', '1', '1055');
INSERT INTO `ct_call` VALUES ('3855', '42', '279', '1', '1042');
INSERT INTO `ct_call` VALUES ('3856', '42', '316', '1', '464');
INSERT INTO `ct_call` VALUES ('3857', '42', '337', '1', '464');
INSERT INTO `ct_call` VALUES ('3858', '42', '347', '1', '74');
INSERT INTO `ct_call` VALUES ('3859', '42', '376', '1', '74');
INSERT INTO `ct_call` VALUES ('3860', '5', '1', '18', '38048');
INSERT INTO `ct_call` VALUES ('3861', '5', '2', '2', '2131');
INSERT INTO `ct_call` VALUES ('3862', '5', '5', '1', '1824');
INSERT INTO `ct_call` VALUES ('3863', '5', '16', '1', '307');
INSERT INTO `ct_call` VALUES ('3864', '5', '34', '1', '2864');
INSERT INTO `ct_call` VALUES ('3865', '5', '46', '1', '2864');
INSERT INTO `ct_call` VALUES ('3866', '5', '63', '1', '3327');
INSERT INTO `ct_call` VALUES ('3867', '5', '79', '1', '3327');
INSERT INTO `ct_call` VALUES ('3868', '5', '95', '2', '6073');
INSERT INTO `ct_call` VALUES ('3869', '5', '97', '1', '3036');
INSERT INTO `ct_call` VALUES ('3870', '5', '118', '1', '3037');
INSERT INTO `ct_call` VALUES ('3871', '5', '126', '2', '5086');
INSERT INTO `ct_call` VALUES ('3872', '5', '133', '1', '2172');
INSERT INTO `ct_call` VALUES ('3873', '5', '139', '1', '2914');
INSERT INTO `ct_call` VALUES ('3874', '5', '158', '1', '1633');
INSERT INTO `ct_call` VALUES ('3875', '5', '173', '1', '1633');
INSERT INTO `ct_call` VALUES ('3876', '5', '189', '1', '2628');
INSERT INTO `ct_call` VALUES ('3877', '5', '196', '1', '2628');
INSERT INTO `ct_call` VALUES ('3878', '5', '221', '3', '8094');
INSERT INTO `ct_call` VALUES ('3879', '5', '232', '1', '2784');
INSERT INTO `ct_call` VALUES ('3880', '5', '242', '1', '3245');
INSERT INTO `ct_call` VALUES ('3881', '5', '246', '1', '2065');
INSERT INTO `ct_call` VALUES ('3882', '5', '253', '3', '4331');
INSERT INTO `ct_call` VALUES ('3883', '5', '267', '1', '2312');
INSERT INTO `ct_call` VALUES ('3884', '5', '269', '1', '1471');
INSERT INTO `ct_call` VALUES ('3885', '5', '283', '1', '548');
INSERT INTO `ct_call` VALUES ('3886', '5', '284', '1', '851');
INSERT INTO `ct_call` VALUES ('3887', '5', '286', '1', '851');
INSERT INTO `ct_call` VALUES ('3888', '5', '316', '1', '1030');
INSERT INTO `ct_call` VALUES ('3889', '5', '337', '1', '1030');
INSERT INTO `ct_call` VALUES ('3890', '22', '1', '13', '26249');
INSERT INTO `ct_call` VALUES ('3891', '22', '2', '2', '2709');
INSERT INTO `ct_call` VALUES ('3892', '22', '14', '1', '679');
INSERT INTO `ct_call` VALUES ('3893', '22', '33', '1', '2030');
INSERT INTO `ct_call` VALUES ('3894', '22', '63', '1', '3277');
INSERT INTO `ct_call` VALUES ('3895', '22', '87', '1', '3277');
INSERT INTO `ct_call` VALUES ('3896', '22', '95', '1', '1372');
INSERT INTO `ct_call` VALUES ('3897', '22', '113', '1', '1372');
INSERT INTO `ct_call` VALUES ('3898', '22', '126', '2', '4046');
INSERT INTO `ct_call` VALUES ('3899', '22', '139', '1', '2914');
INSERT INTO `ct_call` VALUES ('3900', '22', '145', '1', '1132');
INSERT INTO `ct_call` VALUES ('3901', '22', '158', '2', '3721');
INSERT INTO `ct_call` VALUES ('3902', '22', '162', '2', '3721');
INSERT INTO `ct_call` VALUES ('3903', '22', '189', '1', '3334');
INSERT INTO `ct_call` VALUES ('3904', '22', '198', '1', '3334');
INSERT INTO `ct_call` VALUES ('3905', '22', '221', '1', '1556');
INSERT INTO `ct_call` VALUES ('3906', '22', '232', '1', '1556');
INSERT INTO `ct_call` VALUES ('3907', '22', '316', '1', '3370');
INSERT INTO `ct_call` VALUES ('3908', '22', '320', '1', '3370');
INSERT INTO `ct_call` VALUES ('3909', '22', '347', '2', '2864');
INSERT INTO `ct_call` VALUES ('3910', '22', '373', '1', '2085');
INSERT INTO `ct_call` VALUES ('3911', '22', '377', '1', '779');
INSERT INTO `ct_call` VALUES ('3912', '13', '1', '16', '37526');
INSERT INTO `ct_call` VALUES ('3913', '13', '34', '1', '1526');
INSERT INTO `ct_call` VALUES ('3914', '13', '47', '1', '1526');
INSERT INTO `ct_call` VALUES ('3915', '13', '95', '2', '4226');
INSERT INTO `ct_call` VALUES ('3916', '13', '110', '1', '3244');
INSERT INTO `ct_call` VALUES ('3917', '13', '114', '1', '982');
INSERT INTO `ct_call` VALUES ('3918', '13', '126', '3', '7530');
INSERT INTO `ct_call` VALUES ('3919', '13', '130', '1', '1298');
INSERT INTO `ct_call` VALUES ('3920', '13', '134', '1', '2813');
INSERT INTO `ct_call` VALUES ('3921', '13', '136', '1', '3419');
INSERT INTO `ct_call` VALUES ('3922', '13', '158', '1', '2852');
INSERT INTO `ct_call` VALUES ('3923', '13', '165', '1', '2852');
INSERT INTO `ct_call` VALUES ('3924', '13', '189', '2', '3683');
INSERT INTO `ct_call` VALUES ('3925', '13', '205', '1', '1902');
INSERT INTO `ct_call` VALUES ('3926', '13', '210', '1', '1781');
INSERT INTO `ct_call` VALUES ('3927', '13', '221', '1', '2245');
INSERT INTO `ct_call` VALUES ('3928', '13', '236', '1', '2245');
INSERT INTO `ct_call` VALUES ('3929', '13', '284', '1', '2546');
INSERT INTO `ct_call` VALUES ('3930', '13', '303', '1', '2546');
INSERT INTO `ct_call` VALUES ('3931', '13', '316', '2', '5080');
INSERT INTO `ct_call` VALUES ('3932', '13', '317', '1', '2537');
INSERT INTO `ct_call` VALUES ('3933', '13', '326', '1', '2543');
INSERT INTO `ct_call` VALUES ('3934', '13', '347', '3', '7838');
INSERT INTO `ct_call` VALUES ('3935', '13', '352', '1', '2991');
INSERT INTO `ct_call` VALUES ('3936', '13', '354', '1', '1272');
INSERT INTO `ct_call` VALUES ('3937', '13', '356', '1', '3575');
INSERT INTO `ct_call` VALUES ('3938', '1', '1', '12', '20015');
INSERT INTO `ct_call` VALUES ('3939', '1', '2', '1', '724');
INSERT INTO `ct_call` VALUES ('3940', '1', '24', '1', '724');
INSERT INTO `ct_call` VALUES ('3941', '1', '34', '1', '2155');
INSERT INTO `ct_call` VALUES ('3942', '1', '57', '1', '2155');
INSERT INTO `ct_call` VALUES ('3943', '1', '63', '2', '2612');
INSERT INTO `ct_call` VALUES ('3944', '1', '75', '1', '1364');
INSERT INTO `ct_call` VALUES ('3945', '1', '88', '1', '1248');
INSERT INTO `ct_call` VALUES ('3946', '1', '189', '2', '5509');
INSERT INTO `ct_call` VALUES ('3947', '1', '200', '1', '2194');
INSERT INTO `ct_call` VALUES ('3948', '1', '201', '1', '3315');
INSERT INTO `ct_call` VALUES ('3949', '1', '221', '2', '2870');
INSERT INTO `ct_call` VALUES ('3950', '1', '228', '1', '1128');
INSERT INTO `ct_call` VALUES ('3951', '1', '242', '1', '1742');
INSERT INTO `ct_call` VALUES ('3952', '1', '253', '2', '3003');
INSERT INTO `ct_call` VALUES ('3953', '1', '265', '1', '1693');
INSERT INTO `ct_call` VALUES ('3954', '1', '268', '1', '1310');
INSERT INTO `ct_call` VALUES ('3955', '1', '316', '1', '464');
INSERT INTO `ct_call` VALUES ('3956', '1', '337', '1', '464');
INSERT INTO `ct_call` VALUES ('3957', '1', '347', '1', '2678');
INSERT INTO `ct_call` VALUES ('3958', '1', '372', '1', '2678');
INSERT INTO `ct_call` VALUES ('3959', '4', '1', '16', '32744');
INSERT INTO `ct_call` VALUES ('3960', '4', '2', '4', '9608');
INSERT INTO `ct_call` VALUES ('3961', '4', '6', '1', '2704');
INSERT INTO `ct_call` VALUES ('3962', '4', '7', '1', '3504');
INSERT INTO `ct_call` VALUES ('3963', '4', '21', '1', '1176');
INSERT INTO `ct_call` VALUES ('3964', '4', '26', '1', '2224');
INSERT INTO `ct_call` VALUES ('3965', '4', '34', '1', '885');
INSERT INTO `ct_call` VALUES ('3966', '4', '59', '1', '885');
INSERT INTO `ct_call` VALUES ('3967', '4', '63', '3', '3404');
INSERT INTO `ct_call` VALUES ('3968', '4', '88', '2', '1526');
INSERT INTO `ct_call` VALUES ('3969', '4', '91', '1', '1878');
INSERT INTO `ct_call` VALUES ('3970', '4', '95', '2', '6303');
INSERT INTO `ct_call` VALUES ('3971', '4', '101', '1', '3109');
INSERT INTO `ct_call` VALUES ('3972', '4', '114', '1', '3194');
INSERT INTO `ct_call` VALUES ('3973', '4', '126', '1', '3129');
INSERT INTO `ct_call` VALUES ('3974', '4', '140', '1', '3129');
INSERT INTO `ct_call` VALUES ('3975', '4', '158', '1', '1633');
INSERT INTO `ct_call` VALUES ('3976', '4', '173', '1', '1633');
INSERT INTO `ct_call` VALUES ('3977', '4', '253', '2', '3644');
INSERT INTO `ct_call` VALUES ('3978', '4', '265', '1', '3291');
INSERT INTO `ct_call` VALUES ('3979', '4', '271', '1', '353');
INSERT INTO `ct_call` VALUES ('3980', '4', '316', '2', '4138');
INSERT INTO `ct_call` VALUES ('3981', '4', '338', '1', '618');
INSERT INTO `ct_call` VALUES ('3982', '4', '345', '1', '3520');
INSERT INTO `ct_call` VALUES ('3983', '59', '1', '27', '45324');
INSERT INTO `ct_call` VALUES ('3984', '59', '2', '3', '3985');
INSERT INTO `ct_call` VALUES ('3985', '59', '18', '1', '3250');
INSERT INTO `ct_call` VALUES ('3986', '59', '23', '1', '11');
INSERT INTO `ct_call` VALUES ('3987', '59', '24', '1', '724');
INSERT INTO `ct_call` VALUES ('3988', '59', '34', '2', '5463');
INSERT INTO `ct_call` VALUES ('3989', '59', '51', '1', '1865');
INSERT INTO `ct_call` VALUES ('3990', '59', '53', '1', '3598');
INSERT INTO `ct_call` VALUES ('3991', '59', '63', '1', '225');
INSERT INTO `ct_call` VALUES ('3992', '59', '85', '1', '225');
INSERT INTO `ct_call` VALUES ('3993', '59', '95', '4', '6822');
INSERT INTO `ct_call` VALUES ('3994', '59', '98', '1', '3410');
INSERT INTO `ct_call` VALUES ('3995', '59', '106', '1', '240');
INSERT INTO `ct_call` VALUES ('3996', '59', '114', '1', '1477');
INSERT INTO `ct_call` VALUES ('3997', '59', '121', '1', '1695');
INSERT INTO `ct_call` VALUES ('3998', '59', '126', '1', '324');
INSERT INTO `ct_call` VALUES ('3999', '59', '137', '1', '324');
INSERT INTO `ct_call` VALUES ('4000', '59', '158', '1', '3125');
INSERT INTO `ct_call` VALUES ('4001', '59', '161', '1', '3125');
INSERT INTO `ct_call` VALUES ('4002', '59', '189', '1', '3458');
INSERT INTO `ct_call` VALUES ('4003', '59', '195', '1', '3458');
INSERT INTO `ct_call` VALUES ('4004', '59', '221', '1', '95');
INSERT INTO `ct_call` VALUES ('4005', '59', '241', '1', '95');
INSERT INTO `ct_call` VALUES ('4006', '59', '253', '4', '8813');
INSERT INTO `ct_call` VALUES ('4007', '59', '269', '1', '2778');
INSERT INTO `ct_call` VALUES ('4008', '59', '272', '1', '3209');
INSERT INTO `ct_call` VALUES ('4009', '59', '273', '1', '1055');
INSERT INTO `ct_call` VALUES ('4010', '59', '275', '1', '1771');
INSERT INTO `ct_call` VALUES ('4011', '59', '284', '2', '1912');
INSERT INTO `ct_call` VALUES ('4012', '59', '293', '1', '1031');
INSERT INTO `ct_call` VALUES ('4013', '59', '314', '1', '881');
INSERT INTO `ct_call` VALUES ('4014', '59', '316', '4', '6526');
INSERT INTO `ct_call` VALUES ('4015', '59', '318', '1', '1314');
INSERT INTO `ct_call` VALUES ('4016', '59', '327', '1', '2014');
INSERT INTO `ct_call` VALUES ('4017', '59', '334', '1', '1687');
INSERT INTO `ct_call` VALUES ('4018', '59', '344', '1', '1511');
INSERT INTO `ct_call` VALUES ('4019', '59', '347', '3', '4576');
INSERT INTO `ct_call` VALUES ('4020', '59', '352', '1', '595');
INSERT INTO `ct_call` VALUES ('4021', '59', '370', '1', '1338');
INSERT INTO `ct_call` VALUES ('4022', '59', '375', '1', '2643');
INSERT INTO `ct_call` VALUES ('4023', '10', '1', '17', '29939');
INSERT INTO `ct_call` VALUES ('4024', '10', '2', '2', '1845');
INSERT INTO `ct_call` VALUES ('4025', '10', '11', '1', '752');
INSERT INTO `ct_call` VALUES ('4026', '10', '29', '1', '1093');
INSERT INTO `ct_call` VALUES ('4027', '10', '34', '2', '3258');
INSERT INTO `ct_call` VALUES ('4028', '10', '39', '1', '463');
INSERT INTO `ct_call` VALUES ('4029', '10', '55', '1', '2795');
INSERT INTO `ct_call` VALUES ('4030', '10', '95', '1', '988');
INSERT INTO `ct_call` VALUES ('4031', '10', '114', '1', '988');
INSERT INTO `ct_call` VALUES ('4032', '10', '126', '1', '2007');
INSERT INTO `ct_call` VALUES ('4033', '10', '136', '1', '2007');
INSERT INTO `ct_call` VALUES ('4034', '10', '158', '1', '3284');
INSERT INTO `ct_call` VALUES ('4035', '10', '174', '1', '3284');
INSERT INTO `ct_call` VALUES ('4036', '10', '189', '1', '1180');
INSERT INTO `ct_call` VALUES ('4037', '10', '202', '1', '1180');
INSERT INTO `ct_call` VALUES ('4038', '10', '221', '2', '4944');
INSERT INTO `ct_call` VALUES ('4039', '10', '228', '1', '2720');
INSERT INTO `ct_call` VALUES ('4040', '10', '245', '1', '2224');
INSERT INTO `ct_call` VALUES ('4041', '10', '253', '3', '6253');
INSERT INTO `ct_call` VALUES ('4042', '10', '264', '1', '2942');
INSERT INTO `ct_call` VALUES ('4043', '10', '274', '2', '3311');
INSERT INTO `ct_call` VALUES ('4044', '10', '284', '1', '3252');
INSERT INTO `ct_call` VALUES ('4045', '10', '286', '1', '3252');
INSERT INTO `ct_call` VALUES ('4046', '10', '316', '3', '2928');
INSERT INTO `ct_call` VALUES ('4047', '10', '318', '2', '1898');
INSERT INTO `ct_call` VALUES ('4048', '10', '337', '1', '1030');
INSERT INTO `ct_call` VALUES ('4049', '31', '1', '19', '40150');
INSERT INTO `ct_call` VALUES ('4050', '31', '34', '2', '4049');
INSERT INTO `ct_call` VALUES ('4051', '31', '41', '1', '1185');
INSERT INTO `ct_call` VALUES ('4052', '31', '46', '1', '2864');
INSERT INTO `ct_call` VALUES ('4053', '31', '63', '2', '5088');
INSERT INTO `ct_call` VALUES ('4054', '31', '70', '1', '1761');
INSERT INTO `ct_call` VALUES ('4055', '31', '79', '1', '3327');
INSERT INTO `ct_call` VALUES ('4056', '31', '95', '2', '7086');
INSERT INTO `ct_call` VALUES ('4057', '31', '105', '1', '3534');
INSERT INTO `ct_call` VALUES ('4058', '31', '116', '1', '3552');
INSERT INTO `ct_call` VALUES ('4059', '31', '126', '2', '3193');
INSERT INTO `ct_call` VALUES ('4060', '31', '139', '1', '775');
INSERT INTO `ct_call` VALUES ('4061', '31', '151', '1', '2418');
INSERT INTO `ct_call` VALUES ('4062', '31', '158', '3', '6664');
INSERT INTO `ct_call` VALUES ('4063', '31', '165', '1', '1535');
INSERT INTO `ct_call` VALUES ('4064', '31', '166', '1', '3028');
INSERT INTO `ct_call` VALUES ('4065', '31', '168', '1', '2101');
INSERT INTO `ct_call` VALUES ('4066', '31', '189', '1', '857');
INSERT INTO `ct_call` VALUES ('4067', '31', '207', '1', '857');
INSERT INTO `ct_call` VALUES ('4068', '31', '221', '1', '3501');
INSERT INTO `ct_call` VALUES ('4069', '31', '240', '1', '3501');
INSERT INTO `ct_call` VALUES ('4070', '31', '253', '1', '1471');
INSERT INTO `ct_call` VALUES ('4071', '31', '269', '1', '1471');
INSERT INTO `ct_call` VALUES ('4072', '31', '284', '1', '78');
INSERT INTO `ct_call` VALUES ('4073', '31', '303', '1', '78');
INSERT INTO `ct_call` VALUES ('4074', '31', '316', '3', '5108');
INSERT INTO `ct_call` VALUES ('4075', '31', '318', '1', '1375');
INSERT INTO `ct_call` VALUES ('4076', '31', '325', '1', '366');
INSERT INTO `ct_call` VALUES ('4077', '31', '336', '1', '3367');
INSERT INTO `ct_call` VALUES ('4078', '31', '347', '1', '3055');
INSERT INTO `ct_call` VALUES ('4079', '31', '374', '1', '3055');
INSERT INTO `ct_call` VALUES ('4080', '27', '1', '13', '22850');
INSERT INTO `ct_call` VALUES ('4081', '27', '34', '2', '2706');
INSERT INTO `ct_call` VALUES ('4082', '27', '35', '1', '451');
INSERT INTO `ct_call` VALUES ('4083', '27', '36', '1', '2255');
INSERT INTO `ct_call` VALUES ('4084', '27', '95', '1', '982');
INSERT INTO `ct_call` VALUES ('4085', '27', '114', '1', '982');
INSERT INTO `ct_call` VALUES ('4086', '27', '126', '1', '1488');
INSERT INTO `ct_call` VALUES ('4087', '27', '148', '1', '1488');
INSERT INTO `ct_call` VALUES ('4088', '27', '158', '1', '1171');
INSERT INTO `ct_call` VALUES ('4089', '27', '165', '1', '1171');
INSERT INTO `ct_call` VALUES ('4090', '27', '189', '1', '66');
INSERT INTO `ct_call` VALUES ('4091', '27', '190', '1', '66');
INSERT INTO `ct_call` VALUES ('4092', '27', '221', '1', '1397');
INSERT INTO `ct_call` VALUES ('4093', '27', '238', '1', '1397');
INSERT INTO `ct_call` VALUES ('4094', '27', '253', '3', '7499');
INSERT INTO `ct_call` VALUES ('4095', '27', '263', '1', '1976');
INSERT INTO `ct_call` VALUES ('4096', '27', '265', '1', '3291');
INSERT INTO `ct_call` VALUES ('4097', '27', '266', '1', '2232');
INSERT INTO `ct_call` VALUES ('4098', '27', '316', '1', '1153');
INSERT INTO `ct_call` VALUES ('4099', '27', '320', '1', '1153');
INSERT INTO `ct_call` VALUES ('4100', '27', '347', '2', '6388');
INSERT INTO `ct_call` VALUES ('4101', '27', '353', '1', '3270');
INSERT INTO `ct_call` VALUES ('4102', '27', '355', '1', '3118');
INSERT INTO `ct_call` VALUES ('4103', '35', '1', '16', '27460');
INSERT INTO `ct_call` VALUES ('4104', '35', '2', '1', '666');
INSERT INTO `ct_call` VALUES ('4105', '35', '4', '1', '666');
INSERT INTO `ct_call` VALUES ('4106', '35', '34', '1', '3348');
INSERT INTO `ct_call` VALUES ('4107', '35', '41', '1', '3348');
INSERT INTO `ct_call` VALUES ('4108', '35', '63', '1', '540');
INSERT INTO `ct_call` VALUES ('4109', '35', '74', '1', '540');
INSERT INTO `ct_call` VALUES ('4110', '35', '95', '1', '2331');
INSERT INTO `ct_call` VALUES ('4111', '35', '115', '1', '2331');
INSERT INTO `ct_call` VALUES ('4112', '35', '126', '1', '884');
INSERT INTO `ct_call` VALUES ('4113', '35', '148', '1', '884');
INSERT INTO `ct_call` VALUES ('4114', '35', '189', '1', '857');
INSERT INTO `ct_call` VALUES ('4115', '35', '207', '1', '857');
INSERT INTO `ct_call` VALUES ('4116', '35', '221', '1', '538');
INSERT INTO `ct_call` VALUES ('4117', '35', '237', '1', '538');
INSERT INTO `ct_call` VALUES ('4118', '35', '284', '4', '8358');
INSERT INTO `ct_call` VALUES ('4119', '35', '287', '2', '4374');
INSERT INTO `ct_call` VALUES ('4120', '35', '290', '1', '1100');
INSERT INTO `ct_call` VALUES ('4121', '35', '295', '1', '2884');
INSERT INTO `ct_call` VALUES ('4122', '35', '316', '3', '5468');
INSERT INTO `ct_call` VALUES ('4123', '35', '325', '1', '1330');
INSERT INTO `ct_call` VALUES ('4124', '35', '338', '1', '618');
INSERT INTO `ct_call` VALUES ('4125', '35', '345', '1', '3520');
INSERT INTO `ct_call` VALUES ('4126', '35', '347', '2', '4470');
INSERT INTO `ct_call` VALUES ('4127', '35', '364', '1', '1136');
INSERT INTO `ct_call` VALUES ('4128', '35', '365', '1', '3334');
INSERT INTO `ct_call` VALUES ('4129', '9', '1', '17', '27748');
INSERT INTO `ct_call` VALUES ('4130', '9', '34', '1', '1979');
INSERT INTO `ct_call` VALUES ('4131', '9', '42', '1', '1979');
INSERT INTO `ct_call` VALUES ('4132', '9', '63', '2', '2571');
INSERT INTO `ct_call` VALUES ('4133', '9', '74', '1', '1017');
INSERT INTO `ct_call` VALUES ('4134', '9', '91', '1', '1554');
INSERT INTO `ct_call` VALUES ('4135', '9', '95', '3', '3434');
INSERT INTO `ct_call` VALUES ('4136', '9', '113', '1', '96');
INSERT INTO `ct_call` VALUES ('4137', '9', '114', '1', '988');
INSERT INTO `ct_call` VALUES ('4138', '9', '118', '1', '2350');
INSERT INTO `ct_call` VALUES ('4139', '9', '126', '3', '5883');
INSERT INTO `ct_call` VALUES ('4140', '9', '127', '1', '2397');
INSERT INTO `ct_call` VALUES ('4141', '9', '129', '1', '2395');
INSERT INTO `ct_call` VALUES ('4142', '9', '139', '1', '1091');
INSERT INTO `ct_call` VALUES ('4143', '9', '158', '1', '2601');
INSERT INTO `ct_call` VALUES ('4144', '9', '179', '1', '2601');
INSERT INTO `ct_call` VALUES ('4145', '9', '189', '2', '2943');
INSERT INTO `ct_call` VALUES ('4146', '9', '191', '1', '1287');
INSERT INTO `ct_call` VALUES ('4147', '9', '210', '1', '1656');
INSERT INTO `ct_call` VALUES ('4148', '9', '253', '1', '3346');
INSERT INTO `ct_call` VALUES ('4149', '9', '276', '1', '3346');
INSERT INTO `ct_call` VALUES ('4150', '9', '284', '4', '4991');
INSERT INTO `ct_call` VALUES ('4151', '9', '295', '2', '1612');
INSERT INTO `ct_call` VALUES ('4152', '9', '303', '1', '78');
INSERT INTO `ct_call` VALUES ('4153', '9', '315', '1', '3301');
INSERT INTO `ct_call` VALUES ('4154', '21', '1', '23', '41186');
INSERT INTO `ct_call` VALUES ('4155', '21', '34', '2', '3740');
INSERT INTO `ct_call` VALUES ('4156', '21', '51', '1', '1865');
INSERT INTO `ct_call` VALUES ('4157', '21', '62', '1', '1875');
INSERT INTO `ct_call` VALUES ('4158', '21', '63', '1', '2960');
INSERT INTO `ct_call` VALUES ('4159', '21', '82', '1', '2960');
INSERT INTO `ct_call` VALUES ('4160', '21', '95', '1', '3410');
INSERT INTO `ct_call` VALUES ('4161', '21', '98', '1', '3410');
INSERT INTO `ct_call` VALUES ('4162', '21', '126', '2', '3748');
INSERT INTO `ct_call` VALUES ('4163', '21', '137', '1', '324');
INSERT INTO `ct_call` VALUES ('4164', '21', '157', '1', '3424');
INSERT INTO `ct_call` VALUES ('4165', '21', '158', '4', '8060');
INSERT INTO `ct_call` VALUES ('4166', '21', '161', '1', '2836');
INSERT INTO `ct_call` VALUES ('4167', '21', '163', '1', '2696');
INSERT INTO `ct_call` VALUES ('4168', '21', '169', '1', '2449');
INSERT INTO `ct_call` VALUES ('4169', '21', '184', '1', '79');
INSERT INTO `ct_call` VALUES ('4170', '21', '189', '2', '1599');
INSERT INTO `ct_call` VALUES ('4171', '21', '206', '1', '721');
INSERT INTO `ct_call` VALUES ('4172', '21', '214', '1', '878');
INSERT INTO `ct_call` VALUES ('4173', '21', '221', '1', '2065');
INSERT INTO `ct_call` VALUES ('4174', '21', '246', '1', '2065');
INSERT INTO `ct_call` VALUES ('4175', '21', '253', '5', '8727');
INSERT INTO `ct_call` VALUES ('4176', '21', '261', '1', '1140');
INSERT INTO `ct_call` VALUES ('4177', '21', '275', '1', '596');
INSERT INTO `ct_call` VALUES ('4178', '21', '278', '1', '599');
INSERT INTO `ct_call` VALUES ('4179', '21', '280', '1', '2906');
INSERT INTO `ct_call` VALUES ('4180', '21', '282', '1', '3486');
INSERT INTO `ct_call` VALUES ('4181', '21', '284', '1', '623');
INSERT INTO `ct_call` VALUES ('4182', '21', '300', '1', '623');
INSERT INTO `ct_call` VALUES ('4183', '21', '347', '4', '6254');
INSERT INTO `ct_call` VALUES ('4184', '21', '349', '1', '1760');
INSERT INTO `ct_call` VALUES ('4185', '21', '361', '1', '944');
INSERT INTO `ct_call` VALUES ('4186', '21', '366', '1', '380');
INSERT INTO `ct_call` VALUES ('4187', '21', '369', '1', '3170');
INSERT INTO `ct_call` VALUES ('4188', '56', '1', '16', '28361');
INSERT INTO `ct_call` VALUES ('4189', '56', '2', '4', '6984');
INSERT INTO `ct_call` VALUES ('4190', '56', '6', '1', '2194');
INSERT INTO `ct_call` VALUES ('4191', '56', '19', '1', '3250');
INSERT INTO `ct_call` VALUES ('4192', '56', '21', '1', '673');
INSERT INTO `ct_call` VALUES ('4193', '56', '29', '1', '867');
INSERT INTO `ct_call` VALUES ('4194', '56', '34', '3', '5847');
INSERT INTO `ct_call` VALUES ('4195', '56', '44', '1', '2560');
INSERT INTO `ct_call` VALUES ('4196', '56', '48', '1', '2758');
INSERT INTO `ct_call` VALUES ('4197', '56', '56', '1', '529');
INSERT INTO `ct_call` VALUES ('4198', '56', '63', '2', '3275');
INSERT INTO `ct_call` VALUES ('4199', '56', '66', '1', '3032');
INSERT INTO `ct_call` VALUES ('4200', '56', '77', '1', '243');
INSERT INTO `ct_call` VALUES ('4201', '56', '126', '1', '1347');
INSERT INTO `ct_call` VALUES ('4202', '56', '137', '1', '1347');
INSERT INTO `ct_call` VALUES ('4203', '56', '189', '1', '1813');
INSERT INTO `ct_call` VALUES ('4204', '56', '210', '1', '1813');
INSERT INTO `ct_call` VALUES ('4205', '56', '221', '1', '3035');
INSERT INTO `ct_call` VALUES ('4206', '56', '245', '1', '3035');
INSERT INTO `ct_call` VALUES ('4207', '56', '253', '3', '5242');
INSERT INTO `ct_call` VALUES ('4208', '56', '264', '1', '1718');
INSERT INTO `ct_call` VALUES ('4209', '56', '271', '1', '2038');
INSERT INTO `ct_call` VALUES ('4210', '56', '278', '1', '1486');
INSERT INTO `ct_call` VALUES ('4211', '56', '347', '1', '818');
INSERT INTO `ct_call` VALUES ('4212', '56', '355', '1', '818');
INSERT INTO `ct_call` VALUES ('4213', '3', '1', '21', '43260');
INSERT INTO `ct_call` VALUES ('4214', '3', '2', '4', '7952');
INSERT INTO `ct_call` VALUES ('4215', '3', '9', '1', '2444');
INSERT INTO `ct_call` VALUES ('4216', '3', '11', '1', '593');
INSERT INTO `ct_call` VALUES ('4217', '3', '12', '1', '3228');
INSERT INTO `ct_call` VALUES ('4218', '3', '25', '1', '1687');
INSERT INTO `ct_call` VALUES ('4219', '3', '34', '1', '3586');
INSERT INTO `ct_call` VALUES ('4220', '3', '49', '1', '3586');
INSERT INTO `ct_call` VALUES ('4221', '3', '63', '3', '5117');
INSERT INTO `ct_call` VALUES ('4222', '3', '64', '1', '279');
INSERT INTO `ct_call` VALUES ('4223', '3', '84', '1', '3443');
INSERT INTO `ct_call` VALUES ('4224', '3', '91', '1', '1395');
INSERT INTO `ct_call` VALUES ('4225', '3', '95', '3', '7649');
INSERT INTO `ct_call` VALUES ('4226', '3', '101', '1', '2917');
INSERT INTO `ct_call` VALUES ('4227', '3', '118', '1', '3037');
INSERT INTO `ct_call` VALUES ('4228', '3', '121', '1', '1695');
INSERT INTO `ct_call` VALUES ('4229', '3', '126', '1', '2230');
INSERT INTO `ct_call` VALUES ('4230', '3', '137', '1', '2230');
INSERT INTO `ct_call` VALUES ('4231', '3', '158', '1', '1355');
INSERT INTO `ct_call` VALUES ('4232', '3', '175', '1', '1355');
INSERT INTO `ct_call` VALUES ('4233', '3', '221', '2', '4676');
INSERT INTO `ct_call` VALUES ('4234', '3', '224', '1', '2678');
INSERT INTO `ct_call` VALUES ('4235', '3', '243', '1', '1998');
INSERT INTO `ct_call` VALUES ('4236', '3', '253', '2', '3958');
INSERT INTO `ct_call` VALUES ('4237', '3', '274', '1', '1556');
INSERT INTO `ct_call` VALUES ('4238', '3', '280', '1', '2402');
INSERT INTO `ct_call` VALUES ('4239', '3', '284', '1', '1074');
INSERT INTO `ct_call` VALUES ('4240', '3', '302', '1', '1074');
INSERT INTO `ct_call` VALUES ('4241', '3', '316', '1', '3492');
INSERT INTO `ct_call` VALUES ('4242', '3', '344', '1', '3492');
INSERT INTO `ct_call` VALUES ('4243', '3', '347', '2', '2171');
INSERT INTO `ct_call` VALUES ('4244', '3', '354', '1', '1384');
INSERT INTO `ct_call` VALUES ('4245', '3', '358', '1', '787');
INSERT INTO `ct_call` VALUES ('4246', '48', '1', '19', '35731');
INSERT INTO `ct_call` VALUES ('4247', '48', '2', '2', '1372');
INSERT INTO `ct_call` VALUES ('4248', '48', '18', '1', '1120');
INSERT INTO `ct_call` VALUES ('4249', '48', '22', '1', '252');
INSERT INTO `ct_call` VALUES ('4250', '48', '34', '1', '1251');
INSERT INTO `ct_call` VALUES ('4251', '48', '42', '1', '1251');
INSERT INTO `ct_call` VALUES ('4252', '48', '95', '1', '3534');
INSERT INTO `ct_call` VALUES ('4253', '48', '105', '1', '3534');
INSERT INTO `ct_call` VALUES ('4254', '48', '126', '2', '5228');
INSERT INTO `ct_call` VALUES ('4255', '48', '134', '1', '2813');
INSERT INTO `ct_call` VALUES ('4256', '48', '139', '1', '2415');
INSERT INTO `ct_call` VALUES ('4257', '48', '221', '3', '5705');
INSERT INTO `ct_call` VALUES ('4258', '48', '230', '1', '2365');
INSERT INTO `ct_call` VALUES ('4259', '48', '241', '1', '95');
INSERT INTO `ct_call` VALUES ('4260', '48', '242', '1', '3245');
INSERT INTO `ct_call` VALUES ('4261', '48', '253', '4', '6530');
INSERT INTO `ct_call` VALUES ('4262', '48', '263', '1', '1976');
INSERT INTO `ct_call` VALUES ('4263', '48', '274', '1', '1755');
INSERT INTO `ct_call` VALUES ('4264', '48', '275', '1', '1771');
INSERT INTO `ct_call` VALUES ('4265', '48', '277', '1', '1028');
INSERT INTO `ct_call` VALUES ('4266', '48', '284', '4', '6595');
INSERT INTO `ct_call` VALUES ('4267', '48', '286', '1', '481');
INSERT INTO `ct_call` VALUES ('4268', '48', '287', '1', '952');
INSERT INTO `ct_call` VALUES ('4269', '48', '294', '1', '2019');
INSERT INTO `ct_call` VALUES ('4270', '48', '314', '1', '3143');
INSERT INTO `ct_call` VALUES ('4271', '48', '316', '1', '2182');
INSERT INTO `ct_call` VALUES ('4272', '48', '321', '1', '2182');
INSERT INTO `ct_call` VALUES ('4273', '48', '347', '1', '3334');
INSERT INTO `ct_call` VALUES ('4274', '48', '365', '1', '3334');
INSERT INTO `ct_call` VALUES ('4275', '23', '1', '13', '24865');
INSERT INTO `ct_call` VALUES ('4276', '23', '2', '3', '5725');
INSERT INTO `ct_call` VALUES ('4277', '23', '3', '1', '2175');
INSERT INTO `ct_call` VALUES ('4278', '23', '21', '1', '3539');
INSERT INTO `ct_call` VALUES ('4279', '23', '23', '1', '11');
INSERT INTO `ct_call` VALUES ('4280', '23', '63', '1', '279');
INSERT INTO `ct_call` VALUES ('4281', '23', '64', '1', '279');
INSERT INTO `ct_call` VALUES ('4282', '23', '126', '2', '2337');
INSERT INTO `ct_call` VALUES ('4283', '23', '130', '1', '1298');
INSERT INTO `ct_call` VALUES ('4284', '23', '154', '1', '1039');
INSERT INTO `ct_call` VALUES ('4285', '23', '158', '2', '6327');
INSERT INTO `ct_call` VALUES ('4286', '23', '170', '1', '3043');
INSERT INTO `ct_call` VALUES ('4287', '23', '174', '1', '3284');
INSERT INTO `ct_call` VALUES ('4288', '23', '221', '1', '1687');
INSERT INTO `ct_call` VALUES ('4289', '23', '244', '1', '1687');
INSERT INTO `ct_call` VALUES ('4290', '23', '253', '1', '2906');
INSERT INTO `ct_call` VALUES ('4291', '23', '280', '1', '2906');
INSERT INTO `ct_call` VALUES ('4292', '23', '284', '2', '3317');
INSERT INTO `ct_call` VALUES ('4293', '23', '298', '1', '1950');
INSERT INTO `ct_call` VALUES ('4294', '23', '305', '1', '1367');
INSERT INTO `ct_call` VALUES ('4295', '23', '347', '1', '2287');
INSERT INTO `ct_call` VALUES ('4296', '23', '353', '1', '2287');
INSERT INTO `ct_call` VALUES ('4297', '51', '1', '18', '45917');
INSERT INTO `ct_call` VALUES ('4298', '51', '2', '1', '3594');
INSERT INTO `ct_call` VALUES ('4299', '51', '15', '1', '3594');
INSERT INTO `ct_call` VALUES ('4300', '51', '34', '1', '2039');
INSERT INTO `ct_call` VALUES ('4301', '51', '45', '1', '2039');
INSERT INTO `ct_call` VALUES ('4302', '51', '63', '3', '7914');
INSERT INTO `ct_call` VALUES ('4303', '51', '78', '1', '2974');
INSERT INTO `ct_call` VALUES ('4304', '51', '83', '1', '2821');
INSERT INTO `ct_call` VALUES ('4305', '51', '89', '1', '2119');
INSERT INTO `ct_call` VALUES ('4306', '51', '95', '3', '8840');
INSERT INTO `ct_call` VALUES ('4307', '51', '97', '1', '2005');
INSERT INTO `ct_call` VALUES ('4308', '51', '99', '1', '3591');
INSERT INTO `ct_call` VALUES ('4309', '51', '110', '1', '3244');
INSERT INTO `ct_call` VALUES ('4310', '51', '126', '1', '2191');
INSERT INTO `ct_call` VALUES ('4311', '51', '138', '1', '2191');
INSERT INTO `ct_call` VALUES ('4312', '51', '221', '1', '3295');
INSERT INTO `ct_call` VALUES ('4313', '51', '246', '1', '3295');
INSERT INTO `ct_call` VALUES ('4314', '51', '253', '3', '6821');
INSERT INTO `ct_call` VALUES ('4315', '51', '259', '1', '1255');
INSERT INTO `ct_call` VALUES ('4316', '51', '269', '1', '2080');
INSERT INTO `ct_call` VALUES ('4317', '51', '282', '1', '3486');
INSERT INTO `ct_call` VALUES ('4318', '51', '284', '3', '8555');
INSERT INTO `ct_call` VALUES ('4319', '51', '285', '1', '3580');
INSERT INTO `ct_call` VALUES ('4320', '51', '294', '1', '2019');
INSERT INTO `ct_call` VALUES ('4321', '51', '303', '1', '2956');
INSERT INTO `ct_call` VALUES ('4322', '51', '316', '1', '1330');
INSERT INTO `ct_call` VALUES ('4323', '51', '325', '1', '1330');
INSERT INTO `ct_call` VALUES ('4324', '51', '347', '1', '1338');
INSERT INTO `ct_call` VALUES ('4325', '51', '370', '1', '1338');
INSERT INTO `ct_call` VALUES ('4326', '50', '1', '11', '17899');
INSERT INTO `ct_call` VALUES ('4327', '50', '2', '1', '1093');
INSERT INTO `ct_call` VALUES ('4328', '50', '29', '1', '1093');
INSERT INTO `ct_call` VALUES ('4329', '50', '63', '1', '540');
INSERT INTO `ct_call` VALUES ('4330', '50', '74', '1', '540');
INSERT INTO `ct_call` VALUES ('4331', '50', '158', '1', '3128');
INSERT INTO `ct_call` VALUES ('4332', '50', '162', '1', '3128');
INSERT INTO `ct_call` VALUES ('4333', '50', '221', '2', '3496');
INSERT INTO `ct_call` VALUES ('4334', '50', '233', '1', '2958');
INSERT INTO `ct_call` VALUES ('4335', '50', '237', '1', '538');
INSERT INTO `ct_call` VALUES ('4336', '50', '253', '1', '2402');
INSERT INTO `ct_call` VALUES ('4337', '50', '280', '1', '2402');
INSERT INTO `ct_call` VALUES ('4338', '50', '284', '1', '3422');
INSERT INTO `ct_call` VALUES ('4339', '50', '287', '1', '3422');
INSERT INTO `ct_call` VALUES ('4340', '50', '316', '3', '2096');
INSERT INTO `ct_call` VALUES ('4341', '50', '338', '1', '583');
INSERT INTO `ct_call` VALUES ('4342', '50', '343', '2', '1513');
INSERT INTO `ct_call` VALUES ('4343', '50', '347', '1', '1722');
INSERT INTO `ct_call` VALUES ('4344', '50', '369', '1', '1722');
INSERT INTO `ct_call` VALUES ('4345', '19', '1', '20', '31811');
INSERT INTO `ct_call` VALUES ('4346', '19', '2', '1', '1824');
INSERT INTO `ct_call` VALUES ('4347', '19', '5', '1', '1824');
INSERT INTO `ct_call` VALUES ('4348', '19', '34', '2', '4410');
INSERT INTO `ct_call` VALUES ('4349', '19', '36', '1', '2255');
INSERT INTO `ct_call` VALUES ('4350', '19', '57', '1', '2155');
INSERT INTO `ct_call` VALUES ('4351', '19', '63', '4', '6744');
INSERT INTO `ct_call` VALUES ('4352', '19', '70', '1', '1506');
INSERT INTO `ct_call` VALUES ('4353', '19', '88', '1', '3219');
INSERT INTO `ct_call` VALUES ('4354', '19', '91', '1', '1878');
INSERT INTO `ct_call` VALUES ('4355', '19', '92', '1', '141');
INSERT INTO `ct_call` VALUES ('4356', '19', '95', '1', '1093');
INSERT INTO `ct_call` VALUES ('4357', '19', '119', '1', '1093');
INSERT INTO `ct_call` VALUES ('4358', '19', '126', '2', '2664');
INSERT INTO `ct_call` VALUES ('4359', '19', '143', '1', '762');
INSERT INTO `ct_call` VALUES ('4360', '19', '153', '1', '1902');
INSERT INTO `ct_call` VALUES ('4361', '19', '189', '2', '1233');
INSERT INTO `ct_call` VALUES ('4362', '19', '209', '1', '725');
INSERT INTO `ct_call` VALUES ('4363', '19', '218', '1', '508');
INSERT INTO `ct_call` VALUES ('4364', '19', '221', '2', '5181');
INSERT INTO `ct_call` VALUES ('4365', '19', '231', '1', '2936');
INSERT INTO `ct_call` VALUES ('4366', '19', '236', '1', '2245');
INSERT INTO `ct_call` VALUES ('4367', '19', '253', '3', '2044');
INSERT INTO `ct_call` VALUES ('4368', '19', '258', '1', '190');
INSERT INTO `ct_call` VALUES ('4369', '19', '259', '1', '1255');
INSERT INTO `ct_call` VALUES ('4370', '19', '278', '1', '599');
INSERT INTO `ct_call` VALUES ('4371', '19', '284', '2', '4267');
INSERT INTO `ct_call` VALUES ('4372', '19', '290', '1', '1100');
INSERT INTO `ct_call` VALUES ('4373', '19', '308', '1', '3167');
INSERT INTO `ct_call` VALUES ('4374', '19', '316', '1', '2351');
INSERT INTO `ct_call` VALUES ('4375', '19', '324', '1', '2351');
INSERT INTO `ct_call` VALUES ('4376', '12', '1', '14', '26453');
INSERT INTO `ct_call` VALUES ('4377', '12', '34', '4', '7361');
INSERT INTO `ct_call` VALUES ('4378', '12', '39', '1', '463');
INSERT INTO `ct_call` VALUES ('4379', '12', '41', '1', '2359');
INSERT INTO `ct_call` VALUES ('4380', '12', '49', '1', '2221');
INSERT INTO `ct_call` VALUES ('4381', '12', '60', '1', '2318');
INSERT INTO `ct_call` VALUES ('4382', '12', '63', '1', '648');
INSERT INTO `ct_call` VALUES ('4383', '12', '78', '1', '648');
INSERT INTO `ct_call` VALUES ('4384', '12', '126', '2', '5593');
INSERT INTO `ct_call` VALUES ('4385', '12', '149', '1', '2911');
INSERT INTO `ct_call` VALUES ('4386', '12', '157', '1', '2682');
INSERT INTO `ct_call` VALUES ('4387', '12', '158', '1', '3523');
INSERT INTO `ct_call` VALUES ('4388', '12', '159', '1', '3523');
INSERT INTO `ct_call` VALUES ('4389', '12', '189', '2', '2810');
INSERT INTO `ct_call` VALUES ('4390', '12', '200', '1', '761');
INSERT INTO `ct_call` VALUES ('4391', '12', '215', '1', '2049');
INSERT INTO `ct_call` VALUES ('4392', '12', '284', '2', '3700');
INSERT INTO `ct_call` VALUES ('4393', '12', '297', '1', '2626');
INSERT INTO `ct_call` VALUES ('4394', '12', '302', '1', '1074');
INSERT INTO `ct_call` VALUES ('4395', '12', '316', '1', '1212');
INSERT INTO `ct_call` VALUES ('4396', '12', '330', '1', '1212');
INSERT INTO `ct_call` VALUES ('4397', '12', '347', '1', '1606');
INSERT INTO `ct_call` VALUES ('4398', '12', '370', '1', '1606');
INSERT INTO `ct_call` VALUES ('4399', '49', '1', '18', '36729');
INSERT INTO `ct_call` VALUES ('4400', '49', '2', '3', '4193');
INSERT INTO `ct_call` VALUES ('4401', '49', '21', '1', '3539');
INSERT INTO `ct_call` VALUES ('4402', '49', '25', '1', '643');
INSERT INTO `ct_call` VALUES ('4403', '49', '30', '1', '11');
INSERT INTO `ct_call` VALUES ('4404', '49', '34', '1', '2046');
INSERT INTO `ct_call` VALUES ('4405', '49', '45', '1', '2046');
INSERT INTO `ct_call` VALUES ('4406', '49', '126', '1', '762');
INSERT INTO `ct_call` VALUES ('4407', '49', '143', '1', '762');
INSERT INTO `ct_call` VALUES ('4408', '49', '158', '3', '6777');
INSERT INTO `ct_call` VALUES ('4409', '49', '160', '1', '2810');
INSERT INTO `ct_call` VALUES ('4410', '49', '167', '1', '1499');
INSERT INTO `ct_call` VALUES ('4411', '49', '185', '1', '2468');
INSERT INTO `ct_call` VALUES ('4412', '49', '189', '3', '1602');
INSERT INTO `ct_call` VALUES ('4413', '49', '190', '1', '786');
INSERT INTO `ct_call` VALUES ('4414', '49', '198', '1', '107');
INSERT INTO `ct_call` VALUES ('4415', '49', '202', '1', '709');
INSERT INTO `ct_call` VALUES ('4416', '49', '221', '2', '6012');
INSERT INTO `ct_call` VALUES ('4417', '49', '229', '1', '3228');
INSERT INTO `ct_call` VALUES ('4418', '49', '232', '1', '2784');
INSERT INTO `ct_call` VALUES ('4419', '49', '284', '2', '6146');
INSERT INTO `ct_call` VALUES ('4420', '49', '295', '1', '2903');
INSERT INTO `ct_call` VALUES ('4421', '49', '309', '1', '3243');
INSERT INTO `ct_call` VALUES ('4422', '49', '316', '2', '6127');
INSERT INTO `ct_call` VALUES ('4423', '49', '323', '1', '2749');
INSERT INTO `ct_call` VALUES ('4424', '49', '345', '1', '3378');
INSERT INTO `ct_call` VALUES ('4425', '49', '347', '1', '3064');
INSERT INTO `ct_call` VALUES ('4426', '49', '364', '1', '3064');
INSERT INTO `ct_call` VALUES ('4427', '24', '1', '13', '21326');
INSERT INTO `ct_call` VALUES ('4428', '24', '2', '2', '2036');
INSERT INTO `ct_call` VALUES ('4429', '24', '12', '1', '1417');
INSERT INTO `ct_call` VALUES ('4430', '24', '28', '1', '619');
INSERT INTO `ct_call` VALUES ('4431', '24', '34', '1', '2417');
INSERT INTO `ct_call` VALUES ('4432', '24', '35', '1', '2417');
INSERT INTO `ct_call` VALUES ('4433', '24', '63', '1', '1364');
INSERT INTO `ct_call` VALUES ('4434', '24', '75', '1', '1364');
INSERT INTO `ct_call` VALUES ('4435', '24', '126', '1', '513');
INSERT INTO `ct_call` VALUES ('4436', '24', '129', '1', '513');
INSERT INTO `ct_call` VALUES ('4437', '24', '158', '1', '2265');
INSERT INTO `ct_call` VALUES ('4438', '24', '180', '1', '2265');
INSERT INTO `ct_call` VALUES ('4439', '24', '189', '2', '2735');
INSERT INTO `ct_call` VALUES ('4440', '24', '214', '1', '2227');
INSERT INTO `ct_call` VALUES ('4441', '24', '218', '1', '508');
INSERT INTO `ct_call` VALUES ('4442', '24', '221', '1', '3347');
INSERT INTO `ct_call` VALUES ('4443', '24', '236', '1', '3347');
INSERT INTO `ct_call` VALUES ('4444', '24', '284', '3', '5278');
INSERT INTO `ct_call` VALUES ('4445', '24', '292', '1', '902');
INSERT INTO `ct_call` VALUES ('4446', '24', '299', '1', '2753');
INSERT INTO `ct_call` VALUES ('4447', '24', '310', '1', '1623');
INSERT INTO `ct_call` VALUES ('4448', '24', '316', '1', '1371');
INSERT INTO `ct_call` VALUES ('4449', '24', '343', '1', '1371');
INSERT INTO `ct_call` VALUES ('4450', '16', '1', '20', '32224');
INSERT INTO `ct_call` VALUES ('4451', '16', '2', '2', '3085');
INSERT INTO `ct_call` VALUES ('4452', '16', '5', '1', '401');
INSERT INTO `ct_call` VALUES ('4453', '16', '30', '1', '2684');
INSERT INTO `ct_call` VALUES ('4454', '16', '34', '3', '6000');
INSERT INTO `ct_call` VALUES ('4455', '16', '35', '1', '451');
INSERT INTO `ct_call` VALUES ('4456', '16', '48', '1', '3231');
INSERT INTO `ct_call` VALUES ('4457', '16', '60', '1', '2318');
INSERT INTO `ct_call` VALUES ('4458', '16', '63', '1', '579');
INSERT INTO `ct_call` VALUES ('4459', '16', '92', '1', '579');
INSERT INTO `ct_call` VALUES ('4460', '16', '126', '1', '1544');
INSERT INTO `ct_call` VALUES ('4461', '16', '153', '1', '1544');
INSERT INTO `ct_call` VALUES ('4462', '16', '189', '1', '2049');
INSERT INTO `ct_call` VALUES ('4463', '16', '215', '1', '2049');
INSERT INTO `ct_call` VALUES ('4464', '16', '221', '1', '732');
INSERT INTO `ct_call` VALUES ('4465', '16', '228', '1', '732');
INSERT INTO `ct_call` VALUES ('4466', '16', '253', '2', '3798');
INSERT INTO `ct_call` VALUES ('4467', '16', '267', '1', '2312');
INSERT INTO `ct_call` VALUES ('4468', '16', '278', '1', '1486');
INSERT INTO `ct_call` VALUES ('4469', '16', '284', '1', '299');
INSERT INTO `ct_call` VALUES ('4470', '16', '294', '1', '299');
INSERT INTO `ct_call` VALUES ('4471', '16', '316', '4', '7468');
INSERT INTO `ct_call` VALUES ('4472', '16', '326', '1', '2543');
INSERT INTO `ct_call` VALUES ('4473', '16', '329', '1', '932');
INSERT INTO `ct_call` VALUES ('4474', '16', '335', '1', '2427');
INSERT INTO `ct_call` VALUES ('4475', '16', '342', '1', '1566');
INSERT INTO `ct_call` VALUES ('4476', '16', '347', '4', '6670');
INSERT INTO `ct_call` VALUES ('4477', '16', '348', '1', '946');
INSERT INTO `ct_call` VALUES ('4478', '16', '354', '1', '1384');
INSERT INTO `ct_call` VALUES ('4479', '16', '368', '1', '1277');
INSERT INTO `ct_call` VALUES ('4480', '16', '378', '1', '3063');
INSERT INTO `ct_call` VALUES ('4481', '30', '1', '25', '44728');
INSERT INTO `ct_call` VALUES ('4482', '30', '2', '4', '7442');
INSERT INTO `ct_call` VALUES ('4483', '30', '11', '1', '752');
INSERT INTO `ct_call` VALUES ('4484', '30', '15', '1', '3594');
INSERT INTO `ct_call` VALUES ('4485', '30', '25', '1', '2582');
INSERT INTO `ct_call` VALUES ('4486', '30', '33', '1', '514');
INSERT INTO `ct_call` VALUES ('4487', '30', '34', '1', '2446');
INSERT INTO `ct_call` VALUES ('4488', '30', '48', '1', '2446');
INSERT INTO `ct_call` VALUES ('4489', '30', '63', '1', '801');
INSERT INTO `ct_call` VALUES ('4490', '30', '81', '1', '801');
INSERT INTO `ct_call` VALUES ('4491', '30', '95', '3', '5909');
INSERT INTO `ct_call` VALUES ('4492', '30', '97', '1', '2622');
INSERT INTO `ct_call` VALUES ('4493', '30', '98', '1', '3191');
INSERT INTO `ct_call` VALUES ('4494', '30', '113', '1', '96');
INSERT INTO `ct_call` VALUES ('4495', '30', '126', '1', '1923');
INSERT INTO `ct_call` VALUES ('4496', '30', '136', '1', '1923');
INSERT INTO `ct_call` VALUES ('4497', '30', '158', '2', '4649');
INSERT INTO `ct_call` VALUES ('4498', '30', '165', '2', '4649');
INSERT INTO `ct_call` VALUES ('4499', '30', '189', '4', '10005');
INSERT INTO `ct_call` VALUES ('4500', '30', '196', '1', '1091');
INSERT INTO `ct_call` VALUES ('4501', '30', '198', '1', '3429');
INSERT INTO `ct_call` VALUES ('4502', '30', '207', '1', '2975');
INSERT INTO `ct_call` VALUES ('4503', '30', '218', '1', '2510');
INSERT INTO `ct_call` VALUES ('4504', '30', '253', '3', '3615');
INSERT INTO `ct_call` VALUES ('4505', '30', '265', '1', '1912');
INSERT INTO `ct_call` VALUES ('4506', '30', '277', '1', '1155');
INSERT INTO `ct_call` VALUES ('4507', '30', '283', '1', '548');
INSERT INTO `ct_call` VALUES ('4508', '30', '284', '1', '1042');
INSERT INTO `ct_call` VALUES ('4509', '30', '295', '1', '1042');
INSERT INTO `ct_call` VALUES ('4510', '30', '316', '4', '6793');
INSERT INTO `ct_call` VALUES ('4511', '30', '317', '1', '250');
INSERT INTO `ct_call` VALUES ('4512', '30', '325', '1', '2909');
INSERT INTO `ct_call` VALUES ('4513', '30', '343', '1', '142');
INSERT INTO `ct_call` VALUES ('4514', '30', '344', '1', '3492');
INSERT INTO `ct_call` VALUES ('4515', '30', '347', '1', '103');
INSERT INTO `ct_call` VALUES ('4516', '30', '357', '1', '103');
INSERT INTO `ct_call` VALUES ('4517', '15', '1', '20', '36795');
INSERT INTO `ct_call` VALUES ('4518', '15', '2', '4', '8932');
INSERT INTO `ct_call` VALUES ('4519', '15', '3', '1', '1266');
INSERT INTO `ct_call` VALUES ('4520', '15', '4', '1', '2813');
INSERT INTO `ct_call` VALUES ('4521', '15', '6', '1', '2194');
INSERT INTO `ct_call` VALUES ('4522', '15', '16', '1', '2659');
INSERT INTO `ct_call` VALUES ('4523', '15', '34', '2', '3668');
INSERT INTO `ct_call` VALUES ('4524', '15', '39', '1', '689');
INSERT INTO `ct_call` VALUES ('4525', '15', '54', '1', '2979');
INSERT INTO `ct_call` VALUES ('4526', '15', '95', '2', '5647');
INSERT INTO `ct_call` VALUES ('4527', '15', '101', '1', '2238');
INSERT INTO `ct_call` VALUES ('4528', '15', '114', '1', '3409');
INSERT INTO `ct_call` VALUES ('4529', '15', '126', '1', '1744');
INSERT INTO `ct_call` VALUES ('4530', '15', '154', '1', '1744');
INSERT INTO `ct_call` VALUES ('4531', '15', '189', '3', '6848');
INSERT INTO `ct_call` VALUES ('4532', '15', '198', '1', '905');
INSERT INTO `ct_call` VALUES ('4533', '15', '200', '1', '2968');
INSERT INTO `ct_call` VALUES ('4534', '15', '207', '1', '2975');
INSERT INTO `ct_call` VALUES ('4535', '15', '221', '2', '2566');
INSERT INTO `ct_call` VALUES ('4536', '15', '224', '1', '2335');
INSERT INTO `ct_call` VALUES ('4537', '15', '252', '1', '231');
INSERT INTO `ct_call` VALUES ('4538', '15', '253', '2', '2961');
INSERT INTO `ct_call` VALUES ('4539', '15', '255', '1', '1049');
INSERT INTO `ct_call` VALUES ('4540', '15', '265', '1', '1912');
INSERT INTO `ct_call` VALUES ('4541', '15', '284', '1', '3208');
INSERT INTO `ct_call` VALUES ('4542', '15', '302', '1', '3208');
INSERT INTO `ct_call` VALUES ('4543', '15', '316', '1', '523');
INSERT INTO `ct_call` VALUES ('4544', '15', '318', '1', '523');
INSERT INTO `ct_call` VALUES ('4545', '15', '347', '2', '698');
INSERT INTO `ct_call` VALUES ('4546', '15', '352', '1', '595');
INSERT INTO `ct_call` VALUES ('4547', '15', '357', '1', '103');
INSERT INTO `ct_call` VALUES ('4548', '45', '1', '10', '22041');
INSERT INTO `ct_call` VALUES ('4549', '45', '2', '1', '1574');
INSERT INTO `ct_call` VALUES ('4550', '45', '16', '1', '1574');
INSERT INTO `ct_call` VALUES ('4551', '45', '158', '2', '5545');
INSERT INTO `ct_call` VALUES ('4552', '45', '170', '1', '3043');
INSERT INTO `ct_call` VALUES ('4553', '45', '185', '1', '2502');
INSERT INTO `ct_call` VALUES ('4554', '45', '221', '2', '5563');
INSERT INTO `ct_call` VALUES ('4555', '45', '228', '1', '2335');
INSERT INTO `ct_call` VALUES ('4556', '45', '229', '1', '3228');
INSERT INTO `ct_call` VALUES ('4557', '45', '253', '2', '3324');
INSERT INTO `ct_call` VALUES ('4558', '45', '277', '1', '1155');
INSERT INTO `ct_call` VALUES ('4559', '45', '282', '1', '2169');
INSERT INTO `ct_call` VALUES ('4560', '45', '284', '2', '5529');
INSERT INTO `ct_call` VALUES ('4561', '45', '295', '1', '2903');
INSERT INTO `ct_call` VALUES ('4562', '45', '297', '1', '2626');
INSERT INTO `ct_call` VALUES ('4563', '45', '316', '1', '506');
INSERT INTO `ct_call` VALUES ('4564', '45', '320', '1', '506');
INSERT INTO `ct_call` VALUES ('4565', '32', '1', '22', '37392');
INSERT INTO `ct_call` VALUES ('4566', '32', '2', '6', '10600');
INSERT INTO `ct_call` VALUES ('4567', '32', '7', '1', '3504');
INSERT INTO `ct_call` VALUES ('4568', '32', '12', '1', '922');
INSERT INTO `ct_call` VALUES ('4569', '32', '13', '1', '210');
INSERT INTO `ct_call` VALUES ('4570', '32', '16', '1', '2659');
INSERT INTO `ct_call` VALUES ('4571', '32', '25', '1', '1687');
INSERT INTO `ct_call` VALUES ('4572', '32', '31', '1', '1618');
INSERT INTO `ct_call` VALUES ('4573', '32', '95', '2', '1543');
INSERT INTO `ct_call` VALUES ('4574', '32', '106', '1', '240');
INSERT INTO `ct_call` VALUES ('4575', '32', '109', '1', '1303');
INSERT INTO `ct_call` VALUES ('4576', '32', '126', '4', '7328');
INSERT INTO `ct_call` VALUES ('4577', '32', '145', '1', '3426');
INSERT INTO `ct_call` VALUES ('4578', '32', '148', '1', '1488');
INSERT INTO `ct_call` VALUES ('4579', '32', '153', '1', '1902');
INSERT INTO `ct_call` VALUES ('4580', '32', '156', '1', '512');
INSERT INTO `ct_call` VALUES ('4581', '32', '158', '1', '593');
INSERT INTO `ct_call` VALUES ('4582', '32', '162', '1', '593');
INSERT INTO `ct_call` VALUES ('4583', '32', '189', '2', '3407');
INSERT INTO `ct_call` VALUES ('4584', '32', '202', '1', '1180');
INSERT INTO `ct_call` VALUES ('4585', '32', '214', '1', '2227');
INSERT INTO `ct_call` VALUES ('4586', '32', '221', '1', '1952');
INSERT INTO `ct_call` VALUES ('4587', '32', '243', '1', '1952');
INSERT INTO `ct_call` VALUES ('4588', '32', '253', '2', '4380');
INSERT INTO `ct_call` VALUES ('4589', '32', '268', '1', '1310');
INSERT INTO `ct_call` VALUES ('4590', '32', '271', '1', '3070');
INSERT INTO `ct_call` VALUES ('4591', '32', '284', '2', '4611');
INSERT INTO `ct_call` VALUES ('4592', '32', '285', '1', '3580');
INSERT INTO `ct_call` VALUES ('4593', '32', '293', '1', '1031');
INSERT INTO `ct_call` VALUES ('4594', '32', '316', '1', '361');
INSERT INTO `ct_call` VALUES ('4595', '32', '339', '1', '361');
INSERT INTO `ct_call` VALUES ('4596', '32', '347', '1', '2617');
INSERT INTO `ct_call` VALUES ('4597', '32', '369', '1', '2617');

-- ----------------------------
-- Table structure for ct_date
-- ----------------------------
DROP TABLE IF EXISTS `ct_date`;
CREATE TABLE `ct_date` (
  `id` int(11) NOT NULL AUTO_INCREMENT,
  `year` varchar(255) DEFAULT NULL,
  `month` varchar(255) DEFAULT NULL,
  `day` varchar(255) DEFAULT NULL,
  PRIMARY KEY (`id`)
) ENGINE=InnoDB AUTO_INCREMENT=379 DEFAULT CHARSET=utf8;

-- ----------------------------
-- Records of ct_date
-- ----------------------------
INSERT INTO `ct_date` VALUES ('1', '2018', '', '');
INSERT INTO `ct_date` VALUES ('2', '2018', '1', '');
INSERT INTO `ct_date` VALUES ('3', '2018', '1', '1');
INSERT INTO `ct_date` VALUES ('4', '2018', '1', '2');
INSERT INTO `ct_date` VALUES ('5', '2018', '1', '3');
INSERT INTO `ct_date` VALUES ('6', '2018', '1', '4');
INSERT INTO `ct_date` VALUES ('7', '2018', '1', '5');
INSERT INTO `ct_date` VALUES ('8', '2018', '1', '6');
INSERT INTO `ct_date` VALUES ('9', '2018', '1', '7');
INSERT INTO `ct_date` VALUES ('10', '2018', '1', '8');
INSERT INTO `ct_date` VALUES ('11', '2018', '1', '9');
INSERT INTO `ct_date` VALUES ('12', '2018', '1', '10');
INSERT INTO `ct_date` VALUES ('13', '2018', '1', '11');
INSERT INTO `ct_date` VALUES ('14', '2018', '1', '12');
INSERT INTO `ct_date` VALUES ('15', '2018', '1', '13');
INSERT INTO `ct_date` VALUES ('16', '2018', '1', '14');
INSERT INTO `ct_date` VALUES ('17', '2018', '1', '15');
INSERT INTO `ct_date` VALUES ('18', '2018', '1', '16');
INSERT INTO `ct_date` VALUES ('19', '2018', '1', '17');
INSERT INTO `ct_date` VALUES ('20', '2018', '1', '18');
INSERT INTO `ct_date` VALUES ('21', '2018', '1', '19');
INSERT INTO `ct_date` VALUES ('22', '2018', '1', '20');
INSERT INTO `ct_date` VALUES ('23', '2018', '1', '21');
INSERT INTO `ct_date` VALUES ('24', '2018', '1', '22');
INSERT INTO `ct_date` VALUES ('25', '2018', '1', '23');
INSERT INTO `ct_date` VALUES ('26', '2018', '1', '24');
INSERT INTO `ct_date` VALUES ('27', '2018', '1', '25');
INSERT INTO `ct_date` VALUES ('28', '2018', '1', '26');
INSERT INTO `ct_date` VALUES ('29', '2018', '1', '27');
INSERT INTO `ct_date` VALUES ('30', '2018', '1', '28');
INSERT INTO `ct_date` VALUES ('31', '2018', '1', '29');
INSERT INTO `ct_date` VALUES ('32', '2018', '1', '30');
INSERT INTO `ct_date` VALUES ('33', '2018', '1', '31');
INSERT INTO `ct_date` VALUES ('34', '2018', '2', '');
INSERT INTO `ct_date` VALUES ('35', '2018', '2', '1');
INSERT INTO `ct_date` VALUES ('36', '2018', '2', '2');
INSERT INTO `ct_date` VALUES ('37', '2018', '2', '3');
INSERT INTO `ct_date` VALUES ('38', '2018', '2', '4');
INSERT INTO `ct_date` VALUES ('39', '2018', '2', '5');
INSERT INTO `ct_date` VALUES ('40', '2018', '2', '6');
INSERT INTO `ct_date` VALUES ('41', '2018', '2', '7');
INSERT INTO `ct_date` VALUES ('42', '2018', '2', '8');
INSERT INTO `ct_date` VALUES ('43', '2018', '2', '9');
INSERT INTO `ct_date` VALUES ('44', '2018', '2', '10');
INSERT INTO `ct_date` VALUES ('45', '2018', '2', '11');
INSERT INTO `ct_date` VALUES ('46', '2018', '2', '12');
INSERT INTO `ct_date` VALUES ('47', '2018', '2', '13');
INSERT INTO `ct_date` VALUES ('48', '2018', '2', '14');
INSERT INTO `ct_date` VALUES ('49', '2018', '2', '15');
INSERT INTO `ct_date` VALUES ('50', '2018', '2', '16');
INSERT INTO `ct_date` VALUES ('51', '2018', '2', '17');
INSERT INTO `ct_date` VALUES ('52', '2018', '2', '18');
INSERT INTO `ct_date` VALUES ('53', '2018', '2', '19');
INSERT INTO `ct_date` VALUES ('54', '2018', '2', '20');
INSERT INTO `ct_date` VALUES ('55', '2018', '2', '21');
INSERT INTO `ct_date` VALUES ('56', '2018', '2', '22');
INSERT INTO `ct_date` VALUES ('57', '2018', '2', '23');
INSERT INTO `ct_date` VALUES ('58', '2018', '2', '24');
INSERT INTO `ct_date` VALUES ('59', '2018', '2', '25');
INSERT INTO `ct_date` VALUES ('60', '2018', '2', '26');
INSERT INTO `ct_date` VALUES ('61', '2018', '2', '27');
INSERT INTO `ct_date` VALUES ('62', '2018', '2', '28');
INSERT INTO `ct_date` VALUES ('63', '2018', '3', '');
INSERT INTO `ct_date` VALUES ('64', '2018', '3', '1');
INSERT INTO `ct_date` VALUES ('65', '2018', '3', '2');
INSERT INTO `ct_date` VALUES ('66', '2018', '3', '3');
INSERT INTO `ct_date` VALUES ('67', '2018', '3', '4');
INSERT INTO `ct_date` VALUES ('68', '2018', '3', '5');
INSERT INTO `ct_date` VALUES ('69', '2018', '3', '6');
INSERT INTO `ct_date` VALUES ('70', '2018', '3', '7');
INSERT INTO `ct_date` VALUES ('71', '2018', '3', '8');
INSERT INTO `ct_date` VALUES ('72', '2018', '3', '9');
INSERT INTO `ct_date` VALUES ('73', '2018', '3', '10');
INSERT INTO `ct_date` VALUES ('74', '2018', '3', '11');
INSERT INTO `ct_date` VALUES ('75', '2018', '3', '12');
INSERT INTO `ct_date` VALUES ('76', '2018', '3', '13');
INSERT INTO `ct_date` VALUES ('77', '2018', '3', '14');
INSERT INTO `ct_date` VALUES ('78', '2018', '3', '15');
INSERT INTO `ct_date` VALUES ('79', '2018', '3', '16');
INSERT INTO `ct_date` VALUES ('80', '2018', '3', '17');
INSERT INTO `ct_date` VALUES ('81', '2018', '3', '18');
INSERT INTO `ct_date` VALUES ('82', '2018', '3', '19');
INSERT INTO `ct_date` VALUES ('83', '2018', '3', '20');
INSERT INTO `ct_date` VALUES ('84', '2018', '3', '21');
INSERT INTO `ct_date` VALUES ('85', '2018', '3', '22');
INSERT INTO `ct_date` VALUES ('86', '2018', '3', '23');
INSERT INTO `ct_date` VALUES ('87', '2018', '3', '24');
INSERT INTO `ct_date` VALUES ('88', '2018', '3', '25');
INSERT INTO `ct_date` VALUES ('89', '2018', '3', '26');
INSERT INTO `ct_date` VALUES ('90', '2018', '3', '27');
INSERT INTO `ct_date` VALUES ('91', '2018', '3', '28');
INSERT INTO `ct_date` VALUES ('92', '2018', '3', '29');
INSERT INTO `ct_date` VALUES ('93', '2018', '3', '30');
INSERT INTO `ct_date` VALUES ('94', '2018', '3', '31');
INSERT INTO `ct_date` VALUES ('95', '2018', '4', '');
INSERT INTO `ct_date` VALUES ('96', '2018', '4', '1');
INSERT INTO `ct_date` VALUES ('97', '2018', '4', '2');
INSERT INTO `ct_date` VALUES ('98', '2018', '4', '3');
INSERT INTO `ct_date` VALUES ('99', '2018', '4', '4');
INSERT INTO `ct_date` VALUES ('100', '2018', '4', '5');
INSERT INTO `ct_date` VALUES ('101', '2018', '4', '6');
INSERT INTO `ct_date` VALUES ('102', '2018', '4', '7');
INSERT INTO `ct_date` VALUES ('103', '2018', '4', '8');
INSERT INTO `ct_date` VALUES ('104', '2018', '4', '9');
INSERT INTO `ct_date` VALUES ('105', '2018', '4', '10');
INSERT INTO `ct_date` VALUES ('106', '2018', '4', '11');
INSERT INTO `ct_date` VALUES ('107', '2018', '4', '12');
INSERT INTO `ct_date` VALUES ('108', '2018', '4', '13');
INSERT INTO `ct_date` VALUES ('109', '2018', '4', '14');
INSERT INTO `ct_date` VALUES ('110', '2018', '4', '15');
INSERT INTO `ct_date` VALUES ('111', '2018', '4', '16');
INSERT INTO `ct_date` VALUES ('112', '2018', '4', '17');
INSERT INTO `ct_date` VALUES ('113', '2018', '4', '18');
INSERT INTO `ct_date` VALUES ('114', '2018', '4', '19');
INSERT INTO `ct_date` VALUES ('115', '2018', '4', '20');
INSERT INTO `ct_date` VALUES ('116', '2018', '4', '21');
INSERT INTO `ct_date` VALUES ('117', '2018', '4', '22');
INSERT INTO `ct_date` VALUES ('118', '2018', '4', '23');
INSERT INTO `ct_date` VALUES ('119', '2018', '4', '24');
INSERT INTO `ct_date` VALUES ('120', '2018', '4', '25');
INSERT INTO `ct_date` VALUES ('121', '2018', '4', '26');
INSERT INTO `ct_date` VALUES ('122', '2018', '4', '27');
INSERT INTO `ct_date` VALUES ('123', '2018', '4', '28');
INSERT INTO `ct_date` VALUES ('124', '2018', '4', '29');
INSERT INTO `ct_date` VALUES ('125', '2018', '4', '30');
INSERT INTO `ct_date` VALUES ('126', '2018', '5', '');
INSERT INTO `ct_date` VALUES ('127', '2018', '5', '1');
INSERT INTO `ct_date` VALUES ('128', '2018', '5', '2');
INSERT INTO `ct_date` VALUES ('129', '2018', '5', '3');
INSERT INTO `ct_date` VALUES ('130', '2018', '5', '4');
INSERT INTO `ct_date` VALUES ('131', '2018', '5', '5');
INSERT INTO `ct_date` VALUES ('132', '2018', '5', '6');
INSERT INTO `ct_date` VALUES ('133', '2018', '5', '7');
INSERT INTO `ct_date` VALUES ('134', '2018', '5', '8');
INSERT INTO `ct_date` VALUES ('135', '2018', '5', '9');
INSERT INTO `ct_date` VALUES ('136', '2018', '5', '10');
INSERT INTO `ct_date` VALUES ('137', '2018', '5', '11');
INSERT INTO `ct_date` VALUES ('138', '2018', '5', '12');
INSERT INTO `ct_date` VALUES ('139', '2018', '5', '13');
INSERT INTO `ct_date` VALUES ('140', '2018', '5', '14');
INSERT INTO `ct_date` VALUES ('141', '2018', '5', '15');
INSERT INTO `ct_date` VALUES ('142', '2018', '5', '16');
INSERT INTO `ct_date` VALUES ('143', '2018', '5', '17');
INSERT INTO `ct_date` VALUES ('144', '2018', '5', '18');
INSERT INTO `ct_date` VALUES ('145', '2018', '5', '19');
INSERT INTO `ct_date` VALUES ('146', '2018', '5', '20');
INSERT INTO `ct_date` VALUES ('147', '2018', '5', '21');
INSERT INTO `ct_date` VALUES ('148', '2018', '5', '22');
INSERT INTO `ct_date` VALUES ('149', '2018', '5', '23');
INSERT INTO `ct_date` VALUES ('150', '2018', '5', '24');
INSERT INTO `ct_date` VALUES ('151', '2018', '5', '25');
INSERT INTO `ct_date` VALUES ('152', '2018', '5', '26');
INSERT INTO `ct_date` VALUES ('153', '2018', '5', '27');
INSERT INTO `ct_date` VALUES ('154', '2018', '5', '28');
INSERT INTO `ct_date` VALUES ('155', '2018', '5', '29');
INSERT INTO `ct_date` VALUES ('156', '2018', '5', '30');
INSERT INTO `ct_date` VALUES ('157', '2018', '5', '31');
INSERT INTO `ct_date` VALUES ('158', '2018', '6', '');
INSERT INTO `ct_date` VALUES ('159', '2018', '6', '1');
INSERT INTO `ct_date` VALUES ('160', '2018', '6', '2');
INSERT INTO `ct_date` VALUES ('161', '2018', '6', '3');
INSERT INTO `ct_date` VALUES ('162', '2018', '6', '4');
INSERT INTO `ct_date` VALUES ('163', '2018', '6', '5');
INSERT INTO `ct_date` VALUES ('164', '2018', '6', '6');
INSERT INTO `ct_date` VALUES ('165', '2018', '6', '7');
INSERT INTO `ct_date` VALUES ('166', '2018', '6', '8');
INSERT INTO `ct_date` VALUES ('167', '2018', '6', '9');
INSERT INTO `ct_date` VALUES ('168', '2018', '6', '10');
INSERT INTO `ct_date` VALUES ('169', '2018', '6', '11');
INSERT INTO `ct_date` VALUES ('170', '2018', '6', '12');
INSERT INTO `ct_date` VALUES ('171', '2018', '6', '13');
INSERT INTO `ct_date` VALUES ('172', '2018', '6', '14');
INSERT INTO `ct_date` VALUES ('173', '2018', '6', '15');
INSERT INTO `ct_date` VALUES ('174', '2018', '6', '16');
INSERT INTO `ct_date` VALUES ('175', '2018', '6', '17');
INSERT INTO `ct_date` VALUES ('176', '2018', '6', '18');
INSERT INTO `ct_date` VALUES ('177', '2018', '6', '19');
INSERT INTO `ct_date` VALUES ('178', '2018', '6', '20');
INSERT INTO `ct_date` VALUES ('179', '2018', '6', '21');
INSERT INTO `ct_date` VALUES ('180', '2018', '6', '22');
INSERT INTO `ct_date` VALUES ('181', '2018', '6', '23');
INSERT INTO `ct_date` VALUES ('182', '2018', '6', '24');
INSERT INTO `ct_date` VALUES ('183', '2018', '6', '25');
INSERT INTO `ct_date` VALUES ('184', '2018', '6', '26');
INSERT INTO `ct_date` VALUES ('185', '2018', '6', '27');
INSERT INTO `ct_date` VALUES ('186', '2018', '6', '28');
INSERT INTO `ct_date` VALUES ('187', '2018', '6', '29');
INSERT INTO `ct_date` VALUES ('188', '2018', '6', '30');
INSERT INTO `ct_date` VALUES ('189', '2018', '7', '');
INSERT INTO `ct_date` VALUES ('190', '2018', '7', '1');
INSERT INTO `ct_date` VALUES ('191', '2018', '7', '2');
INSERT INTO `ct_date` VALUES ('192', '2018', '7', '3');
INSERT INTO `ct_date` VALUES ('193', '2018', '7', '4');
INSERT INTO `ct_date` VALUES ('194', '2018', '7', '5');
INSERT INTO `ct_date` VALUES ('195', '2018', '7', '6');
INSERT INTO `ct_date` VALUES ('196', '2018', '7', '7');
INSERT INTO `ct_date` VALUES ('197', '2018', '7', '8');
INSERT INTO `ct_date` VALUES ('198', '2018', '7', '9');
INSERT INTO `ct_date` VALUES ('199', '2018', '7', '10');
INSERT INTO `ct_date` VALUES ('200', '2018', '7', '11');
INSERT INTO `ct_date` VALUES ('201', '2018', '7', '12');
INSERT INTO `ct_date` VALUES ('202', '2018', '7', '13');
INSERT INTO `ct_date` VALUES ('203', '2018', '7', '14');
INSERT INTO `ct_date` VALUES ('204', '2018', '7', '15');
INSERT INTO `ct_date` VALUES ('205', '2018', '7', '16');
INSERT INTO `ct_date` VALUES ('206', '2018', '7', '17');
INSERT INTO `ct_date` VALUES ('207', '2018', '7', '18');
INSERT INTO `ct_date` VALUES ('208', '2018', '7', '19');
INSERT INTO `ct_date` VALUES ('209', '2018', '7', '20');
INSERT INTO `ct_date` VALUES ('210', '2018', '7', '21');
INSERT INTO `ct_date` VALUES ('211', '2018', '7', '22');
INSERT INTO `ct_date` VALUES ('212', '2018', '7', '23');
INSERT INTO `ct_date` VALUES ('213', '2018', '7', '24');
INSERT INTO `ct_date` VALUES ('214', '2018', '7', '25');
INSERT INTO `ct_date` VALUES ('215', '2018', '7', '26');
INSERT INTO `ct_date` VALUES ('216', '2018', '7', '27');
INSERT INTO `ct_date` VALUES ('217', '2018', '7', '28');
INSERT INTO `ct_date` VALUES ('218', '2018', '7', '29');
INSERT INTO `ct_date` VALUES ('219', '2018', '7', '30');
INSERT INTO `ct_date` VALUES ('220', '2018', '7', '31');
INSERT INTO `ct_date` VALUES ('221', '2018', '8', '');
INSERT INTO `ct_date` VALUES ('222', '2018', '8', '1');
INSERT INTO `ct_date` VALUES ('223', '2018', '8', '2');
INSERT INTO `ct_date` VALUES ('224', '2018', '8', '3');
INSERT INTO `ct_date` VALUES ('225', '2018', '8', '4');
INSERT INTO `ct_date` VALUES ('226', '2018', '8', '5');
INSERT INTO `ct_date` VALUES ('227', '2018', '8', '6');
INSERT INTO `ct_date` VALUES ('228', '2018', '8', '7');
INSERT INTO `ct_date` VALUES ('229', '2018', '8', '8');
INSERT INTO `ct_date` VALUES ('230', '2018', '8', '9');
INSERT INTO `ct_date` VALUES ('231', '2018', '8', '10');
INSERT INTO `ct_date` VALUES ('232', '2018', '8', '11');
INSERT INTO `ct_date` VALUES ('233', '2018', '8', '12');
INSERT INTO `ct_date` VALUES ('234', '2018', '8', '13');
INSERT INTO `ct_date` VALUES ('235', '2018', '8', '14');
INSERT INTO `ct_date` VALUES ('236', '2018', '8', '15');
INSERT INTO `ct_date` VALUES ('237', '2018', '8', '16');
INSERT INTO `ct_date` VALUES ('238', '2018', '8', '17');
INSERT INTO `ct_date` VALUES ('239', '2018', '8', '18');
INSERT INTO `ct_date` VALUES ('240', '2018', '8', '19');
INSERT INTO `ct_date` VALUES ('241', '2018', '8', '20');
INSERT INTO `ct_date` VALUES ('242', '2018', '8', '21');
INSERT INTO `ct_date` VALUES ('243', '2018', '8', '22');
INSERT INTO `ct_date` VALUES ('244', '2018', '8', '23');
INSERT INTO `ct_date` VALUES ('245', '2018', '8', '24');
INSERT INTO `ct_date` VALUES ('246', '2018', '8', '25');
INSERT INTO `ct_date` VALUES ('247', '2018', '8', '26');
INSERT INTO `ct_date` VALUES ('248', '2018', '8', '27');
INSERT INTO `ct_date` VALUES ('249', '2018', '8', '28');
INSERT INTO `ct_date` VALUES ('250', '2018', '8', '29');
INSERT INTO `ct_date` VALUES ('251', '2018', '8', '30');
INSERT INTO `ct_date` VALUES ('252', '2018', '8', '31');
INSERT INTO `ct_date` VALUES ('253', '2018', '9', '');
INSERT INTO `ct_date` VALUES ('254', '2018', '9', '1');
INSERT INTO `ct_date` VALUES ('255', '2018', '9', '2');
INSERT INTO `ct_date` VALUES ('256', '2018', '9', '3');
INSERT INTO `ct_date` VALUES ('257', '2018', '9', '4');
INSERT INTO `ct_date` VALUES ('258', '2018', '9', '5');
INSERT INTO `ct_date` VALUES ('259', '2018', '9', '6');
INSERT INTO `ct_date` VALUES ('260', '2018', '9', '7');
INSERT INTO `ct_date` VALUES ('261', '2018', '9', '8');
INSERT INTO `ct_date` VALUES ('262', '2018', '9', '9');
INSERT INTO `ct_date` VALUES ('263', '2018', '9', '10');
INSERT INTO `ct_date` VALUES ('264', '2018', '9', '11');
INSERT INTO `ct_date` VALUES ('265', '2018', '9', '12');
INSERT INTO `ct_date` VALUES ('266', '2018', '9', '13');
INSERT INTO `ct_date` VALUES ('267', '2018', '9', '14');
INSERT INTO `ct_date` VALUES ('268', '2018', '9', '15');
INSERT INTO `ct_date` VALUES ('269', '2018', '9', '16');
INSERT INTO `ct_date` VALUES ('270', '2018', '9', '17');
INSERT INTO `ct_date` VALUES ('271', '2018', '9', '18');
INSERT INTO `ct_date` VALUES ('272', '2018', '9', '19');
INSERT INTO `ct_date` VALUES ('273', '2018', '9', '20');
INSERT INTO `ct_date` VALUES ('274', '2018', '9', '21');
INSERT INTO `ct_date` VALUES ('275', '2018', '9', '22');
INSERT INTO `ct_date` VALUES ('276', '2018', '9', '23');
INSERT INTO `ct_date` VALUES ('277', '2018', '9', '24');
INSERT INTO `ct_date` VALUES ('278', '2018', '9', '25');
INSERT INTO `ct_date` VALUES ('279', '2018', '9', '26');
INSERT INTO `ct_date` VALUES ('280', '2018', '9', '27');
INSERT INTO `ct_date` VALUES ('281', '2018', '9', '28');
INSERT INTO `ct_date` VALUES ('282', '2018', '9', '29');
INSERT INTO `ct_date` VALUES ('283', '2018', '9', '30');
INSERT INTO `ct_date` VALUES ('284', '2018', '10', '');
INSERT INTO `ct_date` VALUES ('285', '2018', '10', '1');
INSERT INTO `ct_date` VALUES ('286', '2018', '10', '2');
INSERT INTO `ct_date` VALUES ('287', '2018', '10', '3');
INSERT INTO `ct_date` VALUES ('288', '2018', '10', '4');
INSERT INTO `ct_date` VALUES ('289', '2018', '10', '5');
INSERT INTO `ct_date` VALUES ('290', '2018', '10', '6');
INSERT INTO `ct_date` VALUES ('291', '2018', '10', '7');
INSERT INTO `ct_date` VALUES ('292', '2018', '10', '8');
INSERT INTO `ct_date` VALUES ('293', '2018', '10', '9');
INSERT INTO `ct_date` VALUES ('294', '2018', '10', '10');
INSERT INTO `ct_date` VALUES ('295', '2018', '10', '11');
INSERT INTO `ct_date` VALUES ('296', '2018', '10', '12');
INSERT INTO `ct_date` VALUES ('297', '2018', '10', '13');
INSERT INTO `ct_date` VALUES ('298', '2018', '10', '14');
INSERT INTO `ct_date` VALUES ('299', '2018', '10', '15');
INSERT INTO `ct_date` VALUES ('300', '2018', '10', '16');
INSERT INTO `ct_date` VALUES ('301', '2018', '10', '17');
INSERT INTO `ct_date` VALUES ('302', '2018', '10', '18');
INSERT INTO `ct_date` VALUES ('303', '2018', '10', '19');
INSERT INTO `ct_date` VALUES ('304', '2018', '10', '20');
INSERT INTO `ct_date` VALUES ('305', '2018', '10', '21');
INSERT INTO `ct_date` VALUES ('306', '2018', '10', '22');
INSERT INTO `ct_date` VALUES ('307', '2018', '10', '23');
INSERT INTO `ct_date` VALUES ('308', '2018', '10', '24');
INSERT INTO `ct_date` VALUES ('309', '2018', '10', '25');
INSERT INTO `ct_date` VALUES ('310', '2018', '10', '26');
INSERT INTO `ct_date` VALUES ('311', '2018', '10', '27');
INSERT INTO `ct_date` VALUES ('312', '2018', '10', '28');
INSERT INTO `ct_date` VALUES ('313', '2018', '10', '29');
INSERT INTO `ct_date` VALUES ('314', '2018', '10', '30');
INSERT INTO `ct_date` VALUES ('315', '2018', '10', '31');
INSERT INTO `ct_date` VALUES ('316', '2018', '11', '');
INSERT INTO `ct_date` VALUES ('317', '2018', '11', '1');
INSERT INTO `ct_date` VALUES ('318', '2018', '11', '2');
INSERT INTO `ct_date` VALUES ('319', '2018', '11', '3');
INSERT INTO `ct_date` VALUES ('320', '2018', '11', '4');
INSERT INTO `ct_date` VALUES ('321', '2018', '11', '5');
INSERT INTO `ct_date` VALUES ('322', '2018', '11', '6');
INSERT INTO `ct_date` VALUES ('323', '2018', '11', '7');
INSERT INTO `ct_date` VALUES ('324', '2018', '11', '8');
INSERT INTO `ct_date` VALUES ('325', '2018', '11', '9');
INSERT INTO `ct_date` VALUES ('326', '2018', '11', '10');
INSERT INTO `ct_date` VALUES ('327', '2018', '11', '11');
INSERT INTO `ct_date` VALUES ('328', '2018', '11', '12');
INSERT INTO `ct_date` VALUES ('329', '2018', '11', '13');
INSERT INTO `ct_date` VALUES ('330', '2018', '11', '14');
INSERT INTO `ct_date` VALUES ('331', '2018', '11', '15');
INSERT INTO `ct_date` VALUES ('332', '2018', '11', '16');
INSERT INTO `ct_date` VALUES ('333', '2018', '11', '17');
INSERT INTO `ct_date` VALUES ('334', '2018', '11', '18');
INSERT INTO `ct_date` VALUES ('335', '2018', '11', '19');
INSERT INTO `ct_date` VALUES ('336', '2018', '11', '20');
INSERT INTO `ct_date` VALUES ('337', '2018', '11', '21');
INSERT INTO `ct_date` VALUES ('338', '2018', '11', '22');
INSERT INTO `ct_date` VALUES ('339', '2018', '11', '23');
INSERT INTO `ct_date` VALUES ('340', '2018', '11', '24');
INSERT INTO `ct_date` VALUES ('341', '2018', '11', '25');
INSERT INTO `ct_date` VALUES ('342', '2018', '11', '26');
INSERT INTO `ct_date` VALUES ('343', '2018', '11', '27');
INSERT INTO `ct_date` VALUES ('344', '2018', '11', '28');
INSERT INTO `ct_date` VALUES ('345', '2018', '11', '29');
INSERT INTO `ct_date` VALUES ('346', '2018', '11', '30');
INSERT INTO `ct_date` VALUES ('347', '2018', '12', '');
INSERT INTO `ct_date` VALUES ('348', '2018', '12', '1');
INSERT INTO `ct_date` VALUES ('349', '2018', '12', '2');
INSERT INTO `ct_date` VALUES ('350', '2018', '12', '3');
INSERT INTO `ct_date` VALUES ('351', '2018', '12', '4');
INSERT INTO `ct_date` VALUES ('352', '2018', '12', '5');
INSERT INTO `ct_date` VALUES ('353', '2018', '12', '6');
INSERT INTO `ct_date` VALUES ('354', '2018', '12', '7');
INSERT INTO `ct_date` VALUES ('355', '2018', '12', '8');
INSERT INTO `ct_date` VALUES ('356', '2018', '12', '9');
INSERT INTO `ct_date` VALUES ('357', '2018', '12', '10');
INSERT INTO `ct_date` VALUES ('358', '2018', '12', '11');
INSERT INTO `ct_date` VALUES ('359', '2018', '12', '12');
INSERT INTO `ct_date` VALUES ('360', '2018', '12', '13');
INSERT INTO `ct_date` VALUES ('361', '2018', '12', '14');
INSERT INTO `ct_date` VALUES ('362', '2018', '12', '15');
INSERT INTO `ct_date` VALUES ('363', '2018', '12', '16');
INSERT INTO `ct_date` VALUES ('364', '2018', '12', '17');
INSERT INTO `ct_date` VALUES ('365', '2018', '12', '18');
INSERT INTO `ct_date` VALUES ('366', '2018', '12', '19');
INSERT INTO `ct_date` VALUES ('367', '2018', '12', '20');
INSERT INTO `ct_date` VALUES ('368', '2018', '12', '21');
INSERT INTO `ct_date` VALUES ('369', '2018', '12', '22');
INSERT INTO `ct_date` VALUES ('370', '2018', '12', '23');
INSERT INTO `ct_date` VALUES ('371', '2018', '12', '24');
INSERT INTO `ct_date` VALUES ('372', '2018', '12', '25');
INSERT INTO `ct_date` VALUES ('373', '2018', '12', '26');
INSERT INTO `ct_date` VALUES ('374', '2018', '12', '27');
INSERT INTO `ct_date` VALUES ('375', '2018', '12', '28');
INSERT INTO `ct_date` VALUES ('376', '2018', '12', '29');
INSERT INTO `ct_date` VALUES ('377', '2018', '12', '30');
INSERT INTO `ct_date` VALUES ('378', '2018', '12', '31');

-- ----------------------------
-- Table structure for ct_user
-- ----------------------------
DROP TABLE IF EXISTS `ct_user`;
CREATE TABLE `ct_user` (
  `id` int(11) NOT NULL AUTO_INCREMENT,
  `tel` varchar(255) DEFAULT NULL,
  `name` varchar(255) DEFAULT NULL,
  PRIMARY KEY (`id`)
) ENGINE=InnoDB AUTO_INCREMENT=60 DEFAULT CHARSET=utf8;

-- ----------------------------
-- Records of ct_user
-- ----------------------------
INSERT INTO `ct_user` VALUES ('1', '16897125587', '');
INSERT INTO `ct_user` VALUES ('2', '14447898241', '');
INSERT INTO `ct_user` VALUES ('3', '17938008730', '');
INSERT INTO `ct_user` VALUES ('4', '16941635290', '');
INSERT INTO `ct_user` VALUES ('5', '16703630552', '');
INSERT INTO `ct_user` VALUES ('6', '14155623990', '');
INSERT INTO `ct_user` VALUES ('7', '16139981691', '');
INSERT INTO `ct_user` VALUES ('8', '16630771505', '');
INSERT INTO `ct_user` VALUES ('9', '17428915648', '');
INSERT INTO `ct_user` VALUES ('10', '17075423979', '');
INSERT INTO `ct_user` VALUES ('11', '13462269791', '');
INSERT INTO `ct_user` VALUES ('12', '18769105359', '');
INSERT INTO `ct_user` VALUES ('13', '16886197458', '');
INSERT INTO `ct_user` VALUES ('14', '14436513145', '');
INSERT INTO `ct_user` VALUES ('15', '19573521135', '');
INSERT INTO `ct_user` VALUES ('16', '19161312597', '');
INSERT INTO `ct_user` VALUES ('17', '15191302006', '');
INSERT INTO `ct_user` VALUES ('18', '15053292501', '');
INSERT INTO `ct_user` VALUES ('19', '18533461407', '');
INSERT INTO `ct_user` VALUES ('20', '14249718905', '');
INSERT INTO `ct_user` VALUES ('21', '17563395612', '');
INSERT INTO `ct_user` VALUES ('22', '16755654707', '');
INSERT INTO `ct_user` VALUES ('23', '18169787520', '');
INSERT INTO `ct_user` VALUES ('24', '19077627950', '');
INSERT INTO `ct_user` VALUES ('25', '16433655567', '');
INSERT INTO `ct_user` VALUES ('26', '13749986274', '');
INSERT INTO `ct_user` VALUES ('27', '17189992777', '');
INSERT INTO `ct_user` VALUES ('28', '15676591145', '');
INSERT INTO `ct_user` VALUES ('29', '16037345045', '');
INSERT INTO `ct_user` VALUES ('30', '19519265718', '');
INSERT INTO `ct_user` VALUES ('31', '17186852432', '');
INSERT INTO `ct_user` VALUES ('32', '19743837116', '');
INSERT INTO `ct_user` VALUES ('33', '16459563591', '');
INSERT INTO `ct_user` VALUES ('34', '15415398428', '');
INSERT INTO `ct_user` VALUES ('35', '17264143744', '');
INSERT INTO `ct_user` VALUES ('36', '15625939852', '');
INSERT INTO `ct_user` VALUES ('37', '16509411758', '');
INSERT INTO `ct_user` VALUES ('38', '16427232559', '');
INSERT INTO `ct_user` VALUES ('39', '16164672204', '');
INSERT INTO `ct_user` VALUES ('40', '14366915156', '');
INSERT INTO `ct_user` VALUES ('41', '15648303641', '');
INSERT INTO `ct_user` VALUES ('42', '16688846049', '');
INSERT INTO `ct_user` VALUES ('43', '13117618672', '');
INSERT INTO `ct_user` VALUES ('44', '13369602622', '');
INSERT INTO `ct_user` VALUES ('45', '19577715303', '');
INSERT INTO `ct_user` VALUES ('46', '13723070924', '');
INSERT INTO `ct_user` VALUES ('47', '13599584947', '');
INSERT INTO `ct_user` VALUES ('48', '18166416574', '');
INSERT INTO `ct_user` VALUES ('49', '18792826687', '');
INSERT INTO `ct_user` VALUES ('50', '18369204109', '');
INSERT INTO `ct_user` VALUES ('51', '18304040031', '');
INSERT INTO `ct_user` VALUES ('52', '14488071984', '');
INSERT INTO `ct_user` VALUES ('53', '16326064873', '');
INSERT INTO `ct_user` VALUES ('54', '14473791615', '');
INSERT INTO `ct_user` VALUES ('55', '13074715563', '');
INSERT INTO `ct_user` VALUES ('56', '17583213006', '');
INSERT INTO `ct_user` VALUES ('57', '16239836654', '');
INSERT INTO `ct_user` VALUES ('58', '14376715542', '');
INSERT INTO `ct_user` VALUES ('59', '16980765064', '');

-- ----------------------------
-- Table structure for tb_intimacy
-- ----------------------------
DROP TABLE IF EXISTS `tb_intimacy`;
CREATE TABLE `tb_intimacy` (
  `id` int(11) NOT NULL AUTO_INCREMENT,
  `contact_id1` varchar(255) NOT NULL,
  `contact_id2` varchar(255) NOT NULL,
  `call_count` int(15) NOT NULL,
  `call_duration_count` int(15) NOT NULL,
  PRIMARY KEY (`id`)
) ENGINE=InnoDB AUTO_INCREMENT=1369 DEFAULT CHARSET=utf8;

-- ----------------------------
-- Records of tb_intimacy
-- ----------------------------
INSERT INTO `tb_intimacy` VALUES ('895', '13074715563', '14376715542', '1', '1364');
INSERT INTO `tb_intimacy` VALUES ('896', '13074715563', '14447898241', '1', '3125');
INSERT INTO `tb_intimacy` VALUES ('897', '13074715563', '15648303641', '1', '2901');
INSERT INTO `tb_intimacy` VALUES ('898', '13074715563', '16037345045', '1', '3501');
INSERT INTO `tb_intimacy` VALUES ('899', '13074715563', '16164672204', '1', '3016');
INSERT INTO `tb_intimacy` VALUES ('900', '13074715563', '17428915648', '1', '1656');
INSERT INTO `tb_intimacy` VALUES ('901', '13074715563', '17563395612', '1', '1140');
INSERT INTO `tb_intimacy` VALUES ('902', '13074715563', '19519265718', '1', '3191');
INSERT INTO `tb_intimacy` VALUES ('903', '13074715563', '19577715303', '1', '1574');
INSERT INTO `tb_intimacy` VALUES ('904', '13117618672', '14249718905', '1', '536');
INSERT INTO `tb_intimacy` VALUES ('905', '13117618672', '14366915156', '1', '2527');
INSERT INTO `tb_intimacy` VALUES ('906', '13117618672', '15415398428', '1', '1842');
INSERT INTO `tb_intimacy` VALUES ('907', '13117618672', '16509411758', '2', '3486');
INSERT INTO `tb_intimacy` VALUES ('908', '13117618672', '16688846049', '1', '2296');
INSERT INTO `tb_intimacy` VALUES ('909', '13117618672', '16941635290', '1', '3194');
INSERT INTO `tb_intimacy` VALUES ('910', '13117618672', '16980765064', '1', '2014');
INSERT INTO `tb_intimacy` VALUES ('911', '13117618672', '19573521135', '1', '2968');
INSERT INTO `tb_intimacy` VALUES ('912', '13369602622', '13074715563', '1', '951');
INSERT INTO `tb_intimacy` VALUES ('913', '13369602622', '14447898241', '1', '2662');
INSERT INTO `tb_intimacy` VALUES ('914', '13369602622', '15676591145', '1', '1615');
INSERT INTO `tb_intimacy` VALUES ('915', '13369602622', '16941635290', '1', '885');
INSERT INTO `tb_intimacy` VALUES ('916', '13369602622', '16980765064', '1', '3458');
INSERT INTO `tb_intimacy` VALUES ('917', '13369602622', '18533461407', '1', '3219');
INSERT INTO `tb_intimacy` VALUES ('918', '13369602622', '18769105359', '1', '1606');
INSERT INTO `tb_intimacy` VALUES ('919', '13369602622', '18792826687', '2', '3967');
INSERT INTO `tb_intimacy` VALUES ('920', '13369602622', '19519265718', '1', '3429');
INSERT INTO `tb_intimacy` VALUES ('921', '13369602622', '19573521135', '2', '1738');
INSERT INTO `tb_intimacy` VALUES ('922', '13462269791', '13117618672', '2', '687');
INSERT INTO `tb_intimacy` VALUES ('923', '13462269791', '13749986274', '1', '680');
INSERT INTO `tb_intimacy` VALUES ('924', '13462269791', '14366915156', '1', '139');
INSERT INTO `tb_intimacy` VALUES ('925', '13462269791', '14447898241', '1', '531');
INSERT INTO `tb_intimacy` VALUES ('926', '13599584947', '14436513145', '1', '343');
INSERT INTO `tb_intimacy` VALUES ('927', '13599584947', '16427232559', '1', '3337');
INSERT INTO `tb_intimacy` VALUES ('928', '13599584947', '16688846049', '1', '1662');
INSERT INTO `tb_intimacy` VALUES ('929', '13599584947', '17189992777', '1', '1153');
INSERT INTO `tb_intimacy` VALUES ('930', '13599584947', '17563395612', '2', '6594');
INSERT INTO `tb_intimacy` VALUES ('931', '13599584947', '19743837116', '1', '2617');
INSERT INTO `tb_intimacy` VALUES ('932', '13723070924', '13462269791', '1', '1811');
INSERT INTO `tb_intimacy` VALUES ('933', '13723070924', '14155623990', '1', '1812');
INSERT INTO `tb_intimacy` VALUES ('934', '13723070924', '14473791615', '1', '933');
INSERT INTO `tb_intimacy` VALUES ('935', '13723070924', '16239836654', '1', '805');
INSERT INTO `tb_intimacy` VALUES ('936', '13723070924', '17563395612', '1', '878');
INSERT INTO `tb_intimacy` VALUES ('937', '13723070924', '19077627950', '1', '619');
INSERT INTO `tb_intimacy` VALUES ('938', '13723070924', '19743837116', '1', '1618');
INSERT INTO `tb_intimacy` VALUES ('939', '13749986274', '13599584947', '1', '244');
INSERT INTO `tb_intimacy` VALUES ('940', '13749986274', '14155623990', '1', '3301');
INSERT INTO `tb_intimacy` VALUES ('941', '13749986274', '16326064873', '1', '691');
INSERT INTO `tb_intimacy` VALUES ('942', '13749986274', '16703630552', '1', '3036');
INSERT INTO `tb_intimacy` VALUES ('943', '13749986274', '16886197458', '1', '2852');
INSERT INTO `tb_intimacy` VALUES ('944', '13749986274', '17186852432', '1', '3501');
INSERT INTO `tb_intimacy` VALUES ('945', '13749986274', '17189992777', '1', '1397');
INSERT INTO `tb_intimacy` VALUES ('946', '13749986274', '17428915648', '1', '1979');
INSERT INTO `tb_intimacy` VALUES ('947', '13749986274', '18769105359', '1', '1212');
INSERT INTO `tb_intimacy` VALUES ('948', '13749986274', '19573521135', '1', '905');
INSERT INTO `tb_intimacy` VALUES ('949', '14155623990', '15053292501', '1', '931');
INSERT INTO `tb_intimacy` VALUES ('950', '14155623990', '15191302006', '1', '677');
INSERT INTO `tb_intimacy` VALUES ('951', '14155623990', '15676591145', '1', '3134');
INSERT INTO `tb_intimacy` VALUES ('952', '14155623990', '16164672204', '1', '3019');
INSERT INTO `tb_intimacy` VALUES ('953', '14155623990', '16509411758', '1', '3400');
INSERT INTO `tb_intimacy` VALUES ('954', '14155623990', '16755654707', '1', '779');
INSERT INTO `tb_intimacy` VALUES ('955', '14155623990', '18533461407', '1', '2936');
INSERT INTO `tb_intimacy` VALUES ('956', '14155623990', '18792826687', '1', '786');
INSERT INTO `tb_intimacy` VALUES ('957', '14249718905', '13117618672', '1', '81');
INSERT INTO `tb_intimacy` VALUES ('958', '14249718905', '14155623990', '1', '3503');
INSERT INTO `tb_intimacy` VALUES ('959', '14249718905', '16630771505', '1', '2395');
INSERT INTO `tb_intimacy` VALUES ('960', '14249718905', '16688846049', '2', '4294');
INSERT INTO `tb_intimacy` VALUES ('961', '14249718905', '16886197458', '1', '3575');
INSERT INTO `tb_intimacy` VALUES ('962', '14249718905', '17189992777', '1', '3270');
INSERT INTO `tb_intimacy` VALUES ('963', '14249718905', '17563395612', '1', '380');
INSERT INTO `tb_intimacy` VALUES ('964', '14249718905', '18369204109', '1', '583');
INSERT INTO `tb_intimacy` VALUES ('965', '14249718905', '19519265718', '1', '1091');
INSERT INTO `tb_intimacy` VALUES ('966', '14366915156', '14436513145', '1', '2981');
INSERT INTO `tb_intimacy` VALUES ('967', '14366915156', '15191302006', '1', '2861');
INSERT INTO `tb_intimacy` VALUES ('968', '14366915156', '16239836654', '1', '464');
INSERT INTO `tb_intimacy` VALUES ('969', '14366915156', '16755654707', '1', '1132');
INSERT INTO `tb_intimacy` VALUES ('970', '14366915156', '17075423979', '1', '2007');
INSERT INTO `tb_intimacy` VALUES ('971', '14366915156', '19519265718', '1', '2510');
INSERT INTO `tb_intimacy` VALUES ('972', '14366915156', '19743837116', '1', '3070');
INSERT INTO `tb_intimacy` VALUES ('973', '14376715542', '16459563591', '1', '1876');
INSERT INTO `tb_intimacy` VALUES ('974', '14376715542', '17186852432', '1', '3367');
INSERT INTO `tb_intimacy` VALUES ('975', '14376715542', '18169787520', '1', '2175');
INSERT INTO `tb_intimacy` VALUES ('976', '14436513145', '13074715563', '1', '398');
INSERT INTO `tb_intimacy` VALUES ('977', '14436513145', '14249718905', '1', '1065');
INSERT INTO `tb_intimacy` VALUES ('978', '14436513145', '16459563591', '1', '2815');
INSERT INTO `tb_intimacy` VALUES ('979', '14436513145', '16630771505', '1', '916');
INSERT INTO `tb_intimacy` VALUES ('980', '14436513145', '16897125587', '1', '1693');
INSERT INTO `tb_intimacy` VALUES ('981', '14436513145', '16980765064', '1', '3125');
INSERT INTO `tb_intimacy` VALUES ('982', '14436513145', '17583213006', '2', '4597');
INSERT INTO `tb_intimacy` VALUES ('983', '14436513145', '18166416574', '1', '481');
INSERT INTO `tb_intimacy` VALUES ('984', '14436513145', '19577715303', '1', '2169');
INSERT INTO `tb_intimacy` VALUES ('985', '14447898241', '13117618672', '1', '545');
INSERT INTO `tb_intimacy` VALUES ('986', '14447898241', '13369602622', '1', '3358');
INSERT INTO `tb_intimacy` VALUES ('987', '14447898241', '15191302006', '1', '1564');
INSERT INTO `tb_intimacy` VALUES ('988', '14447898241', '16164672204', '1', '459');
INSERT INTO `tb_intimacy` VALUES ('989', '14447898241', '16427232559', '1', '1218');
INSERT INTO `tb_intimacy` VALUES ('990', '14447898241', '16459563591', '1', '185');
INSERT INTO `tb_intimacy` VALUES ('991', '14447898241', '16703630552', '1', '2172');
INSERT INTO `tb_intimacy` VALUES ('992', '14447898241', '16886197458', '1', '3419');
INSERT INTO `tb_intimacy` VALUES ('993', '14447898241', '16980765064', '1', '2643');
INSERT INTO `tb_intimacy` VALUES ('994', '14447898241', '18169787520', '1', '1039');
INSERT INTO `tb_intimacy` VALUES ('995', '14447898241', '18769105359', '1', '2682');
INSERT INTO `tb_intimacy` VALUES ('996', '14447898241', '19077627950', '1', '2265');
INSERT INTO `tb_intimacy` VALUES ('997', '14447898241', '19161312597', '1', '1566');
INSERT INTO `tb_intimacy` VALUES ('998', '14447898241', '19577715303', '1', '2502');
INSERT INTO `tb_intimacy` VALUES ('999', '14473791615', '13117618672', '1', '561');
INSERT INTO `tb_intimacy` VALUES ('1000', '14473791615', '13462269791', '1', '1920');
INSERT INTO `tb_intimacy` VALUES ('1001', '14473791615', '14436513145', '1', '1108');
INSERT INTO `tb_intimacy` VALUES ('1002', '14473791615', '15625939852', '1', '245');
INSERT INTO `tb_intimacy` VALUES ('1003', '14473791615', '16630771505', '2', '2950');
INSERT INTO `tb_intimacy` VALUES ('1004', '14473791615', '16980765064', '2', '4720');
INSERT INTO `tb_intimacy` VALUES ('1005', '14473791615', '17428915648', '2', '3486');
INSERT INTO `tb_intimacy` VALUES ('1006', '14473791615', '18169787520', '1', '1950');
INSERT INTO `tb_intimacy` VALUES ('1007', '14473791615', '18304040031', '1', '2821');
INSERT INTO `tb_intimacy` VALUES ('1008', '14488071984', '13074715563', '1', '1987');
INSERT INTO `tb_intimacy` VALUES ('1009', '14488071984', '14155623990', '1', '1308');
INSERT INTO `tb_intimacy` VALUES ('1010', '14488071984', '15648303641', '1', '1722');
INSERT INTO `tb_intimacy` VALUES ('1011', '14488071984', '16164672204', '1', '1726');
INSERT INTO `tb_intimacy` VALUES ('1012', '14488071984', '16886197458', '1', '2991');
INSERT INTO `tb_intimacy` VALUES ('1013', '14488071984', '17075423979', '1', '2795');
INSERT INTO `tb_intimacy` VALUES ('1014', '14488071984', '17563395612', '1', '1760');
INSERT INTO `tb_intimacy` VALUES ('1015', '14488071984', '19573521135', '1', '3409');
INSERT INTO `tb_intimacy` VALUES ('1016', '15053292501', '15415398428', '1', '66');
INSERT INTO `tb_intimacy` VALUES ('1017', '15053292501', '15648303641', '1', '2192');
INSERT INTO `tb_intimacy` VALUES ('1018', '15053292501', '15676591145', '1', '2110');
INSERT INTO `tb_intimacy` VALUES ('1019', '15053292501', '16037345045', '1', '1340');
INSERT INTO `tb_intimacy` VALUES ('1020', '15053292501', '16630771505', '1', '1582');
INSERT INTO `tb_intimacy` VALUES ('1021', '15053292501', '16688846049', '1', '1413');
INSERT INTO `tb_intimacy` VALUES ('1022', '15053292501', '17563395612', '1', '79');
INSERT INTO `tb_intimacy` VALUES ('1023', '15053292501', '18166416574', '1', '2415');
INSERT INTO `tb_intimacy` VALUES ('1024', '15191302006', '13369602622', '1', '646');
INSERT INTO `tb_intimacy` VALUES ('1025', '15191302006', '13462269791', '1', '1765');
INSERT INTO `tb_intimacy` VALUES ('1026', '15191302006', '13599584947', '1', '636');
INSERT INTO `tb_intimacy` VALUES ('1027', '15191302006', '13749986274', '1', '261');
INSERT INTO `tb_intimacy` VALUES ('1028', '15191302006', '15053292501', '1', '2608');
INSERT INTO `tb_intimacy` VALUES ('1029', '15191302006', '15625939852', '1', '771');
INSERT INTO `tb_intimacy` VALUES ('1030', '15191302006', '17583213006', '2', '3287');
INSERT INTO `tb_intimacy` VALUES ('1031', '15191302006', '18304040031', '1', '2119');
INSERT INTO `tb_intimacy` VALUES ('1032', '15191302006', '18533461407', '1', '2351');
INSERT INTO `tb_intimacy` VALUES ('1033', '15415398428', '13074715563', '2', '2822');
INSERT INTO `tb_intimacy` VALUES ('1034', '15415398428', '13369602622', '1', '544');
INSERT INTO `tb_intimacy` VALUES ('1035', '15415398428', '16037345045', '1', '1038');
INSERT INTO `tb_intimacy` VALUES ('1036', '15415398428', '16139981691', '1', '2410');
INSERT INTO `tb_intimacy` VALUES ('1037', '15415398428', '16688846049', '3', '1346');
INSERT INTO `tb_intimacy` VALUES ('1038', '15415398428', '17075423979', '1', '3252');
INSERT INTO `tb_intimacy` VALUES ('1039', '15415398428', '17938008730', '1', '787');
INSERT INTO `tb_intimacy` VALUES ('1040', '15415398428', '18533461407', '1', '1506');
INSERT INTO `tb_intimacy` VALUES ('1041', '15415398428', '18769105359', '1', '3523');
INSERT INTO `tb_intimacy` VALUES ('1042', '15625939852', '15676591145', '1', '1089');
INSERT INTO `tb_intimacy` VALUES ('1043', '15625939852', '17189992777', '1', '66');
INSERT INTO `tb_intimacy` VALUES ('1044', '15625939852', '19161312597', '2', '6294');
INSERT INTO `tb_intimacy` VALUES ('1045', '15648303641', '13369602622', '1', '112');
INSERT INTO `tb_intimacy` VALUES ('1046', '15648303641', '13749986274', '1', '506');
INSERT INTO `tb_intimacy` VALUES ('1047', '15648303641', '14249718905', '1', '2860');
INSERT INTO `tb_intimacy` VALUES ('1048', '15648303641', '15053292501', '1', '1879');
INSERT INTO `tb_intimacy` VALUES ('1049', '15648303641', '16509411758', '1', '2276');
INSERT INTO `tb_intimacy` VALUES ('1050', '15648303641', '16688846049', '1', '1064');
INSERT INTO `tb_intimacy` VALUES ('1051', '15648303641', '16755654707', '1', '679');
INSERT INTO `tb_intimacy` VALUES ('1052', '15648303641', '16886197458', '1', '2546');
INSERT INTO `tb_intimacy` VALUES ('1053', '15648303641', '16980765064', '1', '1477');
INSERT INTO `tb_intimacy` VALUES ('1054', '15648303641', '17264143744', '1', '2331');
INSERT INTO `tb_intimacy` VALUES ('1055', '15648303641', '17428915648', '1', '1017');
INSERT INTO `tb_intimacy` VALUES ('1056', '15648303641', '17563395612', '1', '721');
INSERT INTO `tb_intimacy` VALUES ('1057', '15648303641', '18304040031', '1', '2039');
INSERT INTO `tb_intimacy` VALUES ('1058', '15648303641', '18792826687', '1', '643');
INSERT INTO `tb_intimacy` VALUES ('1059', '15648303641', '19519265718', '1', '514');
INSERT INTO `tb_intimacy` VALUES ('1060', '15676591145', '13369602622', '1', '2304');
INSERT INTO `tb_intimacy` VALUES ('1061', '15676591145', '14249718905', '1', '880');
INSERT INTO `tb_intimacy` VALUES ('1062', '15676591145', '15648303641', '1', '1929');
INSERT INTO `tb_intimacy` VALUES ('1063', '15676591145', '16037345045', '1', '1197');
INSERT INTO `tb_intimacy` VALUES ('1064', '15676591145', '16703630552', '1', '307');
INSERT INTO `tb_intimacy` VALUES ('1065', '15676591145', '17428915648', '2', '4900');
INSERT INTO `tb_intimacy` VALUES ('1066', '15676591145', '17938008730', '1', '1998');
INSERT INTO `tb_intimacy` VALUES ('1067', '15676591145', '18369204109', '1', '2958');
INSERT INTO `tb_intimacy` VALUES ('1068', '15676591145', '18792826687', '1', '709');
INSERT INTO `tb_intimacy` VALUES ('1069', '15676591145', '19161312597', '1', '732');
INSERT INTO `tb_intimacy` VALUES ('1070', '15676591145', '19573521135', '2', '6187');
INSERT INTO `tb_intimacy` VALUES ('1071', '16037345045', '16239836654', '1', '695');
INSERT INTO `tb_intimacy` VALUES ('1072', '16037345045', '16630771505', '1', '222');
INSERT INTO `tb_intimacy` VALUES ('1073', '16037345045', '16980765064', '1', '2778');
INSERT INTO `tb_intimacy` VALUES ('1074', '16037345045', '17186852432', '1', '3055');
INSERT INTO `tb_intimacy` VALUES ('1075', '16037345045', '19077627950', '1', '2417');
INSERT INTO `tb_intimacy` VALUES ('1076', '16037345045', '19519265718', '1', '2909');
INSERT INTO `tb_intimacy` VALUES ('1077', '16139981691', '13462269791', '1', '1150');
INSERT INTO `tb_intimacy` VALUES ('1078', '16139981691', '13723070924', '1', '2196');
INSERT INTO `tb_intimacy` VALUES ('1079', '16139981691', '14249718905', '1', '2662');
INSERT INTO `tb_intimacy` VALUES ('1080', '16139981691', '14436513145', '1', '325');
INSERT INTO `tb_intimacy` VALUES ('1081', '16139981691', '14447898241', '1', '2156');
INSERT INTO `tb_intimacy` VALUES ('1082', '16139981691', '14488071984', '1', '2350');
INSERT INTO `tb_intimacy` VALUES ('1083', '16139981691', '16427232559', '1', '3431');
INSERT INTO `tb_intimacy` VALUES ('1084', '16139981691', '16459563591', '1', '1247');
INSERT INTO `tb_intimacy` VALUES ('1085', '16139981691', '16688846049', '1', '3579');
INSERT INTO `tb_intimacy` VALUES ('1086', '16139981691', '16886197458', '1', '1902');
INSERT INTO `tb_intimacy` VALUES ('1087', '16139981691', '16941635290', '1', '3109');
INSERT INTO `tb_intimacy` VALUES ('1088', '16139981691', '17563395612', '1', '2449');
INSERT INTO `tb_intimacy` VALUES ('1089', '16139981691', '18166416574', '2', '3485');
INSERT INTO `tb_intimacy` VALUES ('1090', '16139981691', '19077627950', '1', '3347');
INSERT INTO `tb_intimacy` VALUES ('1091', '16164672204', '13074715563', '1', '318');
INSERT INTO `tb_intimacy` VALUES ('1092', '16164672204', '14473791615', '1', '2943');
INSERT INTO `tb_intimacy` VALUES ('1093', '16164672204', '16688846049', '1', '1770');
INSERT INTO `tb_intimacy` VALUES ('1094', '16239836654', '13074715563', '1', '2757');
INSERT INTO `tb_intimacy` VALUES ('1095', '16239836654', '13599584947', '1', '922');
INSERT INTO `tb_intimacy` VALUES ('1096', '16239836654', '14366915156', '1', '179');
INSERT INTO `tb_intimacy` VALUES ('1097', '16239836654', '14473791615', '1', '1990');
INSERT INTO `tb_intimacy` VALUES ('1098', '16239836654', '16459563591', '1', '266');
INSERT INTO `tb_intimacy` VALUES ('1099', '16239836654', '16755654707', '2', '4833');
INSERT INTO `tb_intimacy` VALUES ('1100', '16239836654', '17264143744', '1', '666');
INSERT INTO `tb_intimacy` VALUES ('1101', '16326064873', '14488071984', '1', '3496');
INSERT INTO `tb_intimacy` VALUES ('1102', '16326064873', '15676591145', '2', '5638');
INSERT INTO `tb_intimacy` VALUES ('1103', '16326064873', '16139981691', '2', '6178');
INSERT INTO `tb_intimacy` VALUES ('1104', '16326064873', '16239836654', '1', '3334');
INSERT INTO `tb_intimacy` VALUES ('1105', '16326064873', '16886197458', '1', '2537');
INSERT INTO `tb_intimacy` VALUES ('1106', '16326064873', '17075423979', '1', '2720');
INSERT INTO `tb_intimacy` VALUES ('1107', '16326064873', '19519265718', '1', '250');
INSERT INTO `tb_intimacy` VALUES ('1108', '16326064873', '19573521135', '1', '231');
INSERT INTO `tb_intimacy` VALUES ('1109', '16326064873', '19577715303', '1', '2335');
INSERT INTO `tb_intimacy` VALUES ('1110', '16427232559', '13723070924', '1', '3232');
INSERT INTO `tb_intimacy` VALUES ('1111', '16427232559', '14447898241', '1', '1840');
INSERT INTO `tb_intimacy` VALUES ('1112', '16427232559', '15648303641', '1', '2488');
INSERT INTO `tb_intimacy` VALUES ('1113', '16427232559', '15676591145', '1', '1828');
INSERT INTO `tb_intimacy` VALUES ('1114', '16427232559', '16433655567', '1', '231');
INSERT INTO `tb_intimacy` VALUES ('1115', '16427232559', '16688846049', '1', '2013');
INSERT INTO `tb_intimacy` VALUES ('1116', '16427232559', '17583213006', '1', '2560');
INSERT INTO `tb_intimacy` VALUES ('1117', '16427232559', '18769105359', '1', '761');
INSERT INTO `tb_intimacy` VALUES ('1118', '16433655567', '14155623990', '1', '2809');
INSERT INTO `tb_intimacy` VALUES ('1119', '16433655567', '15648303641', '1', '566');
INSERT INTO `tb_intimacy` VALUES ('1120', '16433655567', '16239836654', '1', '3208');
INSERT INTO `tb_intimacy` VALUES ('1121', '16433655567', '18304040031', '1', '3295');
INSERT INTO `tb_intimacy` VALUES ('1122', '16433655567', '18792826687', '1', '2749');
INSERT INTO `tb_intimacy` VALUES ('1123', '16459563591', '13369602622', '1', '1486');
INSERT INTO `tb_intimacy` VALUES ('1124', '16459563591', '13462269791', '1', '866');
INSERT INTO `tb_intimacy` VALUES ('1125', '16459563591', '15053292501', '1', '2694');
INSERT INTO `tb_intimacy` VALUES ('1126', '16459563591', '16037345045', '1', '3400');
INSERT INTO `tb_intimacy` VALUES ('1127', '16459563591', '16139981691', '1', '802');
INSERT INTO `tb_intimacy` VALUES ('1128', '16459563591', '16509411758', '1', '771');
INSERT INTO `tb_intimacy` VALUES ('1129', '16459563591', '16755654707', '1', '3334');
INSERT INTO `tb_intimacy` VALUES ('1130', '16459563591', '17938008730', '2', '3821');
INSERT INTO `tb_intimacy` VALUES ('1131', '16509411758', '14249718905', '1', '1530');
INSERT INTO `tb_intimacy` VALUES ('1132', '16509411758', '14366915156', '1', '801');
INSERT INTO `tb_intimacy` VALUES ('1133', '16509411758', '16139981691', '1', '1194');
INSERT INTO `tb_intimacy` VALUES ('1134', '16509411758', '17186852432', '1', '3028');
INSERT INTO `tb_intimacy` VALUES ('1135', '16509411758', '17938008730', '1', '3586');
INSERT INTO `tb_intimacy` VALUES ('1136', '16509411758', '18533461407', '1', '190');
INSERT INTO `tb_intimacy` VALUES ('1137', '16630771505', '13074715563', '1', '1571');
INSERT INTO `tb_intimacy` VALUES ('1138', '16630771505', '14155623990', '1', '1870');
INSERT INTO `tb_intimacy` VALUES ('1139', '16630771505', '14249718905', '1', '664');
INSERT INTO `tb_intimacy` VALUES ('1140', '16630771505', '14436513145', '1', '2582');
INSERT INTO `tb_intimacy` VALUES ('1141', '16630771505', '14473791615', '1', '576');
INSERT INTO `tb_intimacy` VALUES ('1142', '16630771505', '15415398428', '1', '338');
INSERT INTO `tb_intimacy` VALUES ('1143', '16630771505', '16164672204', '1', '1861');
INSERT INTO `tb_intimacy` VALUES ('1144', '16630771505', '16509411758', '1', '1512');
INSERT INTO `tb_intimacy` VALUES ('1145', '16630771505', '17075423979', '1', '2942');
INSERT INTO `tb_intimacy` VALUES ('1146', '16630771505', '17583213006', '1', '818');
INSERT INTO `tb_intimacy` VALUES ('1147', '16630771505', '19161312597', '2', '3359');
INSERT INTO `tb_intimacy` VALUES ('1148', '16688846049', '13117618672', '2', '1607');
INSERT INTO `tb_intimacy` VALUES ('1149', '16688846049', '14473791615', '1', '539');
INSERT INTO `tb_intimacy` VALUES ('1150', '16688846049', '16427232559', '1', '2923');
INSERT INTO `tb_intimacy` VALUES ('1151', '16688846049', '16941635290', '2', '2982');
INSERT INTO `tb_intimacy` VALUES ('1152', '16688846049', '16980765064', '1', '1055');
INSERT INTO `tb_intimacy` VALUES ('1153', '16688846049', '17189992777', '1', '1171');
INSERT INTO `tb_intimacy` VALUES ('1154', '16688846049', '18166416574', '1', '1251');
INSERT INTO `tb_intimacy` VALUES ('1155', '16703630552', '13599584947', '1', '851');
INSERT INTO `tb_intimacy` VALUES ('1156', '16703630552', '16688846049', '1', '2628');
INSERT INTO `tb_intimacy` VALUES ('1157', '16703630552', '16755654707', '1', '2914');
INSERT INTO `tb_intimacy` VALUES ('1158', '16703630552', '16941635290', '1', '1633');
INSERT INTO `tb_intimacy` VALUES ('1159', '16703630552', '17186852432', '2', '4335');
INSERT INTO `tb_intimacy` VALUES ('1160', '16703630552', '17563395612', '1', '2065');
INSERT INTO `tb_intimacy` VALUES ('1161', '16755654707', '13074715563', '1', '2030');
INSERT INTO `tb_intimacy` VALUES ('1162', '16755654707', '14376715542', '1', '3370');
INSERT INTO `tb_intimacy` VALUES ('1163', '16755654707', '15415398428', '1', '2085');
INSERT INTO `tb_intimacy` VALUES ('1164', '16755654707', '16459563591', '1', '1372');
INSERT INTO `tb_intimacy` VALUES ('1165', '16755654707', '18369204109', '1', '3128');
INSERT INTO `tb_intimacy` VALUES ('1166', '16755654707', '19743837116', '1', '593');
INSERT INTO `tb_intimacy` VALUES ('1167', '16886197458', '15648303641', '1', '1272');
INSERT INTO `tb_intimacy` VALUES ('1168', '16886197458', '16239836654', '1', '1526');
INSERT INTO `tb_intimacy` VALUES ('1169', '16886197458', '16459563591', '1', '1781');
INSERT INTO `tb_intimacy` VALUES ('1170', '16886197458', '18169787520', '1', '1298');
INSERT INTO `tb_intimacy` VALUES ('1171', '16886197458', '18304040031', '1', '3244');
INSERT INTO `tb_intimacy` VALUES ('1172', '16897125587', '14249718905', '1', '2194');
INSERT INTO `tb_intimacy` VALUES ('1173', '16897125587', '15053292501', '1', '2678');
INSERT INTO `tb_intimacy` VALUES ('1174', '16897125587', '16433655567', '1', '1742');
INSERT INTO `tb_intimacy` VALUES ('1175', '16897125587', '16509411758', '1', '1128');
INSERT INTO `tb_intimacy` VALUES ('1176', '16897125587', '16630771505', '1', '3315');
INSERT INTO `tb_intimacy` VALUES ('1177', '16897125587', '16688846049', '1', '464');
INSERT INTO `tb_intimacy` VALUES ('1178', '16897125587', '16941635290', '1', '1248');
INSERT INTO `tb_intimacy` VALUES ('1179', '16897125587', '16980765064', '1', '724');
INSERT INTO `tb_intimacy` VALUES ('1180', '16897125587', '18533461407', '1', '2155');
INSERT INTO `tb_intimacy` VALUES ('1181', '16897125587', '19077627950', '1', '1364');
INSERT INTO `tb_intimacy` VALUES ('1182', '16897125587', '19743837116', '1', '1310');
INSERT INTO `tb_intimacy` VALUES ('1183', '16941635290', '13749986274', '1', '1176');
INSERT INTO `tb_intimacy` VALUES ('1184', '16941635290', '14473791615', '1', '3129');
INSERT INTO `tb_intimacy` VALUES ('1185', '16941635290', '15415398428', '1', '2224');
INSERT INTO `tb_intimacy` VALUES ('1186', '16941635290', '16459563591', '1', '353');
INSERT INTO `tb_intimacy` VALUES ('1187', '16941635290', '17189992777', '1', '3291');
INSERT INTO `tb_intimacy` VALUES ('1188', '16941635290', '18533461407', '1', '1878');
INSERT INTO `tb_intimacy` VALUES ('1189', '16941635290', '19743837116', '1', '3504');
INSERT INTO `tb_intimacy` VALUES ('1190', '16980765064', '13369602622', '1', '1687');
INSERT INTO `tb_intimacy` VALUES ('1191', '16980765064', '13599584947', '1', '1314');
INSERT INTO `tb_intimacy` VALUES ('1192', '16980765064', '13723070924', '1', '3598');
INSERT INTO `tb_intimacy` VALUES ('1193', '16980765064', '15625939852', '1', '3250');
INSERT INTO `tb_intimacy` VALUES ('1194', '16980765064', '16139981691', '1', '225');
INSERT INTO `tb_intimacy` VALUES ('1195', '16980765064', '16427232559', '1', '881');
INSERT INTO `tb_intimacy` VALUES ('1196', '16980765064', '17563395612', '3', '5599');
INSERT INTO `tb_intimacy` VALUES ('1197', '16980765064', '17938008730', '1', '1695');
INSERT INTO `tb_intimacy` VALUES ('1198', '16980765064', '19573521135', '1', '595');
INSERT INTO `tb_intimacy` VALUES ('1199', '16980765064', '19743837116', '2', '1271');
INSERT INTO `tb_intimacy` VALUES ('1200', '17075423979', '13074715563', '1', '2224');
INSERT INTO `tb_intimacy` VALUES ('1201', '17075423979', '16703630552', '1', '1030');
INSERT INTO `tb_intimacy` VALUES ('1202', '17075423979', '17428915648', '1', '988');
INSERT INTO `tb_intimacy` VALUES ('1203', '17075423979', '17938008730', '1', '1556');
INSERT INTO `tb_intimacy` VALUES ('1204', '17075423979', '18169787520', '1', '3284');
INSERT INTO `tb_intimacy` VALUES ('1205', '17075423979', '19573521135', '1', '523');
INSERT INTO `tb_intimacy` VALUES ('1206', '17075423979', '19743837116', '1', '1180');
INSERT INTO `tb_intimacy` VALUES ('1207', '17186852432', '13074715563', '1', '1761');
INSERT INTO `tb_intimacy` VALUES ('1208', '17186852432', '13117618672', '1', '2418');
INSERT INTO `tb_intimacy` VALUES ('1209', '17186852432', '13462269791', '1', '775');
INSERT INTO `tb_intimacy` VALUES ('1210', '17186852432', '13723070924', '1', '366');
INSERT INTO `tb_intimacy` VALUES ('1211', '17186852432', '14155623990', '1', '3552');
INSERT INTO `tb_intimacy` VALUES ('1212', '17186852432', '14376715542', '1', '2101');
INSERT INTO `tb_intimacy` VALUES ('1213', '17186852432', '16433655567', '1', '1185');
INSERT INTO `tb_intimacy` VALUES ('1214', '17186852432', '16703630552', '1', '3327');
INSERT INTO `tb_intimacy` VALUES ('1215', '17186852432', '17075423979', '1', '1375');
INSERT INTO `tb_intimacy` VALUES ('1216', '17189992777', '13723070924', '1', '2232');
INSERT INTO `tb_intimacy` VALUES ('1217', '17189992777', '14473791615', '1', '3118');
INSERT INTO `tb_intimacy` VALUES ('1218', '17189992777', '16886197458', '1', '982');
INSERT INTO `tb_intimacy` VALUES ('1219', '17189992777', '18166416574', '1', '1976');
INSERT INTO `tb_intimacy` VALUES ('1220', '17189992777', '18533461407', '1', '2255');
INSERT INTO `tb_intimacy` VALUES ('1221', '17264143744', '13723070924', '1', '1136');
INSERT INTO `tb_intimacy` VALUES ('1222', '17264143744', '13749986274', '1', '2884');
INSERT INTO `tb_intimacy` VALUES ('1223', '17264143744', '15625939852', '1', '884');
INSERT INTO `tb_intimacy` VALUES ('1224', '17264143744', '15676591145', '1', '3348');
INSERT INTO `tb_intimacy` VALUES ('1225', '17264143744', '16941635290', '2', '4138');
INSERT INTO `tb_intimacy` VALUES ('1226', '17264143744', '17186852432', '1', '857');
INSERT INTO `tb_intimacy` VALUES ('1227', '17264143744', '18369204109', '1', '540');
INSERT INTO `tb_intimacy` VALUES ('1228', '17264143744', '18533461407', '1', '1100');
INSERT INTO `tb_intimacy` VALUES ('1229', '17428915648', '13369602622', '1', '570');
INSERT INTO `tb_intimacy` VALUES ('1230', '17428915648', '13462269791', '1', '2350');
INSERT INTO `tb_intimacy` VALUES ('1231', '17428915648', '14155623990', '1', '2601');
INSERT INTO `tb_intimacy` VALUES ('1232', '17428915648', '15648303641', '2', '3684');
INSERT INTO `tb_intimacy` VALUES ('1233', '17428915648', '16139981691', '1', '3301');
INSERT INTO `tb_intimacy` VALUES ('1234', '17428915648', '17186852432', '1', '78');
INSERT INTO `tb_intimacy` VALUES ('1235', '17428915648', '19519265718', '2', '1138');
INSERT INTO `tb_intimacy` VALUES ('1236', '17563395612', '13369602622', '1', '2696');
INSERT INTO `tb_intimacy` VALUES ('1237', '17563395612', '15415398428', '1', '944');
INSERT INTO `tb_intimacy` VALUES ('1238', '17563395612', '15676591145', '1', '2960');
INSERT INTO `tb_intimacy` VALUES ('1239', '17563395612', '16459563591', '1', '2836');
INSERT INTO `tb_intimacy` VALUES ('1240', '17563395612', '16509411758', '1', '1875');
INSERT INTO `tb_intimacy` VALUES ('1241', '17563395612', '16630771505', '2', '1219');
INSERT INTO `tb_intimacy` VALUES ('1242', '17583213006', '13462269791', '1', '3032');
INSERT INTO `tb_intimacy` VALUES ('1243', '17583213006', '14376715542', '1', '673');
INSERT INTO `tb_intimacy` VALUES ('1244', '17583213006', '14447898241', '1', '243');
INSERT INTO `tb_intimacy` VALUES ('1245', '17583213006', '14473791615', '1', '1718');
INSERT INTO `tb_intimacy` VALUES ('1246', '17583213006', '15191302006', '1', '2038');
INSERT INTO `tb_intimacy` VALUES ('1247', '17583213006', '16037345045', '1', '3035');
INSERT INTO `tb_intimacy` VALUES ('1248', '17583213006', '16239836654', '1', '1813');
INSERT INTO `tb_intimacy` VALUES ('1249', '17583213006', '16509411758', '1', '867');
INSERT INTO `tb_intimacy` VALUES ('1250', '17583213006', '19161312597', '1', '1486');
INSERT INTO `tb_intimacy` VALUES ('1251', '17583213006', '19573521135', '1', '2194');
INSERT INTO `tb_intimacy` VALUES ('1252', '17938008730', '13074715563', '1', '1355');
INSERT INTO `tb_intimacy` VALUES ('1253', '17938008730', '13749986274', '1', '2917');
INSERT INTO `tb_intimacy` VALUES ('1254', '17938008730', '14488071984', '1', '2678');
INSERT INTO `tb_intimacy` VALUES ('1255', '17938008730', '16164672204', '1', '1395');
INSERT INTO `tb_intimacy` VALUES ('1256', '17938008730', '16239836654', '1', '3443');
INSERT INTO `tb_intimacy` VALUES ('1257', '17938008730', '16459563591', '1', '2230');
INSERT INTO `tb_intimacy` VALUES ('1258', '17938008730', '16509411758', '1', '2444');
INSERT INTO `tb_intimacy` VALUES ('1259', '17938008730', '16703630552', '1', '3037');
INSERT INTO `tb_intimacy` VALUES ('1260', '17938008730', '18169787520', '1', '279');
INSERT INTO `tb_intimacy` VALUES ('1261', '17938008730', '19161312597', '1', '1384');
INSERT INTO `tb_intimacy` VALUES ('1262', '17938008730', '19519265718', '1', '3492');
INSERT INTO `tb_intimacy` VALUES ('1263', '18166416574', '13723070924', '1', '252');
INSERT INTO `tb_intimacy` VALUES ('1264', '18166416574', '14249718905', '1', '3143');
INSERT INTO `tb_intimacy` VALUES ('1265', '18166416574', '14376715542', '1', '2182');
INSERT INTO `tb_intimacy` VALUES ('1266', '18166416574', '15648303641', '1', '1028');
INSERT INTO `tb_intimacy` VALUES ('1267', '18166416574', '16703630552', '1', '3245');
INSERT INTO `tb_intimacy` VALUES ('1268', '18166416574', '16886197458', '1', '2813');
INSERT INTO `tb_intimacy` VALUES ('1269', '18166416574', '16980765064', '2', '1866');
INSERT INTO `tb_intimacy` VALUES ('1270', '18166416574', '17075423979', '1', '1755');
INSERT INTO `tb_intimacy` VALUES ('1271', '18166416574', '17186852432', '1', '3534');
INSERT INTO `tb_intimacy` VALUES ('1272', '18166416574', '17264143744', '2', '4286');
INSERT INTO `tb_intimacy` VALUES ('1273', '18166416574', '18304040031', '1', '2019');
INSERT INTO `tb_intimacy` VALUES ('1274', '18169787520', '13117618672', '1', '1367');
INSERT INTO `tb_intimacy` VALUES ('1275', '18169787520', '14376715542', '1', '1687');
INSERT INTO `tb_intimacy` VALUES ('1276', '18169787520', '15648303641', '1', '2287');
INSERT INTO `tb_intimacy` VALUES ('1277', '18169787520', '16980765064', '1', '11');
INSERT INTO `tb_intimacy` VALUES ('1278', '18169787520', '17563395612', '1', '2906');
INSERT INTO `tb_intimacy` VALUES ('1279', '18169787520', '18792826687', '1', '3539');
INSERT INTO `tb_intimacy` VALUES ('1280', '18169787520', '19577715303', '1', '3043');
INSERT INTO `tb_intimacy` VALUES ('1281', '18304040031', '15415398428', '2', '4085');
INSERT INTO `tb_intimacy` VALUES ('1282', '18304040031', '16164672204', '1', '2956');
INSERT INTO `tb_intimacy` VALUES ('1283', '18304040031', '16239836654', '1', '2191');
INSERT INTO `tb_intimacy` VALUES ('1284', '18304040031', '16509411758', '1', '3591');
INSERT INTO `tb_intimacy` VALUES ('1285', '18304040031', '16630771505', '1', '2974');
INSERT INTO `tb_intimacy` VALUES ('1286', '18304040031', '16980765064', '1', '1338');
INSERT INTO `tb_intimacy` VALUES ('1287', '18304040031', '17264143744', '1', '1330');
INSERT INTO `tb_intimacy` VALUES ('1288', '18304040031', '17563395612', '2', '5822');
INSERT INTO `tb_intimacy` VALUES ('1289', '18304040031', '18533461407', '1', '1255');
INSERT INTO `tb_intimacy` VALUES ('1290', '18304040031', '19743837116', '1', '3580');
INSERT INTO `tb_intimacy` VALUES ('1291', '18369204109', '16326064873', '1', '1722');
INSERT INTO `tb_intimacy` VALUES ('1292', '18369204109', '17075423979', '1', '1093');
INSERT INTO `tb_intimacy` VALUES ('1293', '18369204109', '17264143744', '2', '3960');
INSERT INTO `tb_intimacy` VALUES ('1294', '18369204109', '17938008730', '1', '2402');
INSERT INTO `tb_intimacy` VALUES ('1295', '18369204109', '19519265718', '1', '142');
INSERT INTO `tb_intimacy` VALUES ('1296', '18533461407', '14436513145', '1', '3167');
INSERT INTO `tb_intimacy` VALUES ('1297', '18533461407', '15648303641', '1', '725');
INSERT INTO `tb_intimacy` VALUES ('1298', '18533461407', '16326064873', '1', '1093');
INSERT INTO `tb_intimacy` VALUES ('1299', '18533461407', '16427232559', '1', '141');
INSERT INTO `tb_intimacy` VALUES ('1300', '18533461407', '16703630552', '1', '1824');
INSERT INTO `tb_intimacy` VALUES ('1301', '18533461407', '16886197458', '1', '2245');
INSERT INTO `tb_intimacy` VALUES ('1302', '18533461407', '17563395612', '1', '599');
INSERT INTO `tb_intimacy` VALUES ('1303', '18533461407', '18792826687', '1', '762');
INSERT INTO `tb_intimacy` VALUES ('1304', '18533461407', '19743837116', '1', '1902');
INSERT INTO `tb_intimacy` VALUES ('1305', '18769105359', '13462269791', '1', '2359');
INSERT INTO `tb_intimacy` VALUES ('1306', '18769105359', '14447898241', '2', '3559');
INSERT INTO `tb_intimacy` VALUES ('1307', '18769105359', '16509411758', '1', '2221');
INSERT INTO `tb_intimacy` VALUES ('1308', '18769105359', '17075423979', '1', '463');
INSERT INTO `tb_intimacy` VALUES ('1309', '18769105359', '17938008730', '1', '1074');
INSERT INTO `tb_intimacy` VALUES ('1310', '18769105359', '19161312597', '1', '2318');
INSERT INTO `tb_intimacy` VALUES ('1311', '18792826687', '13117618672', '1', '107');
INSERT INTO `tb_intimacy` VALUES ('1312', '18792826687', '14155623990', '1', '2810');
INSERT INTO `tb_intimacy` VALUES ('1313', '18792826687', '14249718905', '1', '2046');
INSERT INTO `tb_intimacy` VALUES ('1314', '18792826687', '15648303641', '1', '3064');
INSERT INTO `tb_intimacy` VALUES ('1315', '18792826687', '16164672204', '1', '3243');
INSERT INTO `tb_intimacy` VALUES ('1316', '18792826687', '16433655567', '1', '3378');
INSERT INTO `tb_intimacy` VALUES ('1317', '18792826687', '16630771505', '1', '11');
INSERT INTO `tb_intimacy` VALUES ('1318', '18792826687', '16703630552', '1', '2784');
INSERT INTO `tb_intimacy` VALUES ('1319', '18792826687', '19577715303', '1', '3228');
INSERT INTO `tb_intimacy` VALUES ('1320', '19077627950', '13074715563', '1', '513');
INSERT INTO `tb_intimacy` VALUES ('1321', '19077627950', '13723070924', '1', '2753');
INSERT INTO `tb_intimacy` VALUES ('1322', '19077627950', '14366915156', '1', '1623');
INSERT INTO `tb_intimacy` VALUES ('1323', '19077627950', '16239836654', '1', '1417');
INSERT INTO `tb_intimacy` VALUES ('1324', '19077627950', '16427232559', '1', '902');
INSERT INTO `tb_intimacy` VALUES ('1325', '19077627950', '18369204109', '1', '1371');
INSERT INTO `tb_intimacy` VALUES ('1326', '19077627950', '18533461407', '1', '508');
INSERT INTO `tb_intimacy` VALUES ('1327', '19161312597', '13117618672', '1', '401');
INSERT INTO `tb_intimacy` VALUES ('1328', '19161312597', '13462269791', '1', '579');
INSERT INTO `tb_intimacy` VALUES ('1329', '19161312597', '14436513145', '2', '2490');
INSERT INTO `tb_intimacy` VALUES ('1330', '19161312597', '16037345045', '1', '1277');
INSERT INTO `tb_intimacy` VALUES ('1331', '19161312597', '16139981691', '1', '299');
INSERT INTO `tb_intimacy` VALUES ('1332', '19161312597', '16427232559', '1', '2684');
INSERT INTO `tb_intimacy` VALUES ('1333', '19161312597', '16703630552', '1', '2312');
INSERT INTO `tb_intimacy` VALUES ('1334', '19161312597', '16886197458', '1', '2543');
INSERT INTO `tb_intimacy` VALUES ('1335', '19161312597', '17189992777', '1', '451');
INSERT INTO `tb_intimacy` VALUES ('1336', '19161312597', '18769105359', '1', '2049');
INSERT INTO `tb_intimacy` VALUES ('1337', '19519265718', '14155623990', '1', '801');
INSERT INTO `tb_intimacy` VALUES ('1338', '19519265718', '15191302006', '1', '2582');
INSERT INTO `tb_intimacy` VALUES ('1339', '19519265718', '15676591145', '1', '2622');
INSERT INTO `tb_intimacy` VALUES ('1340', '19519265718', '16164672204', '1', '2446');
INSERT INTO `tb_intimacy` VALUES ('1341', '19519265718', '16427232559', '1', '3114');
INSERT INTO `tb_intimacy` VALUES ('1342', '19519265718', '16630771505', '1', '1923');
INSERT INTO `tb_intimacy` VALUES ('1343', '19519265718', '16703630552', '1', '548');
INSERT INTO `tb_intimacy` VALUES ('1344', '19519265718', '17075423979', '1', '752');
INSERT INTO `tb_intimacy` VALUES ('1345', '19519265718', '17186852432', '1', '1535');
INSERT INTO `tb_intimacy` VALUES ('1346', '19519265718', '18304040031', '1', '3594');
INSERT INTO `tb_intimacy` VALUES ('1347', '19519265718', '19573521135', '1', '2975');
INSERT INTO `tb_intimacy` VALUES ('1348', '19573521135', '14376715542', '1', '1266');
INSERT INTO `tb_intimacy` VALUES ('1349', '19573521135', '14488071984', '1', '1744');
INSERT INTO `tb_intimacy` VALUES ('1350', '19573521135', '15648303641', '1', '2813');
INSERT INTO `tb_intimacy` VALUES ('1351', '19573521135', '16037345045', '1', '2335');
INSERT INTO `tb_intimacy` VALUES ('1352', '19573521135', '16688846049', '1', '2238');
INSERT INTO `tb_intimacy` VALUES ('1353', '19573521135', '19519265718', '2', '2015');
INSERT INTO `tb_intimacy` VALUES ('1354', '19573521135', '19743837116', '1', '2659');
INSERT INTO `tb_intimacy` VALUES ('1355', '19577715303', '15648303641', '1', '506');
INSERT INTO `tb_intimacy` VALUES ('1356', '19577715303', '18769105359', '1', '2626');
INSERT INTO `tb_intimacy` VALUES ('1357', '19577715303', '18792826687', '1', '2903');
INSERT INTO `tb_intimacy` VALUES ('1358', '19577715303', '19519265718', '1', '1155');
INSERT INTO `tb_intimacy` VALUES ('1359', '19743837116', '13369602622', '1', '210');
INSERT INTO `tb_intimacy` VALUES ('1360', '19743837116', '13462269791', '1', '922');
INSERT INTO `tb_intimacy` VALUES ('1361', '19743837116', '14155623990', '1', '361');
INSERT INTO `tb_intimacy` VALUES ('1362', '19743837116', '15625939852', '1', '1952');
INSERT INTO `tb_intimacy` VALUES ('1363', '19743837116', '16037345045', '1', '512');
INSERT INTO `tb_intimacy` VALUES ('1364', '19743837116', '16139981691', '1', '1303');
INSERT INTO `tb_intimacy` VALUES ('1365', '19743837116', '16509411758', '1', '3426');
INSERT INTO `tb_intimacy` VALUES ('1366', '19743837116', '17189992777', '1', '1488');
INSERT INTO `tb_intimacy` VALUES ('1367', '19743837116', '17938008730', '1', '1687');
INSERT INTO `tb_intimacy` VALUES ('1368', '19743837116', '19077627950', '1', '2227');
